:020000040800F2
:1000000000060020E1020008E3020008E302000805
:10001000E3020008E3020008E3020008E30200082C
:10002000E3020008E3020008E3020008BD760008CE
:10003000E3020008E3020008E3020008E30200080C
:10004000E3020008E3020008E3020008E3020008FC
:10005000E3020008E3020008C9850008F5850008EE
:10006000218600084D86000879860008C9460008E8
:10007000F14600081D470008494700087547000879
:100080009D470008C9470008E3020008E302000892
:10009000E3020008E3020008E3020008A586000866
:1000A000E3020008E3020008E3020008E30200089C
:1000B000E3020008E3020008E3020008E30200088C
:1000C000E3020008E3020008E3020008E30200087C
:1000D000E3020008E3020008E3020008E30200086C
:1000E00009870008E3020008E3020008E3020008B1
:1000F000E3020008E3020008E3020008F5470008F5
:10010000E30200087D870008A5870008E3020008D5
:10011000E3020008E3020008E3020008E30200082B
:10012000214800084948000875480008A14800080F
:10013000CD480008E3020008E3020008E3020008DB
:10014000E3020008E3020008E3020008E3020008FB
:10015000F5480008214900084D490008E30200085D
:10016000E3020008E3020008E3020008E3020008DB
:10017000E3020008A9820008E3020008E302000885
:10018000E3020008E302000891870008E302000888
:10019000E3020008E3020008E3020008E3020008AB
:1001A000E3020008E3020008E3020008E30200089B
:1001B000E3020008E3020008E3020008E30200088B
:1001C000E3020008E3020008E3020008E30200087B
:1001D000E302000895820008E3020008E302000839
:1001E000E3020008E3020008E3020008E30200085B
:1001F000E3020008E3020008E3020008E30200084B
:10020000E3020008E3020008E3020008E30200083A
:10021000E3020008E3020008E3020008E30200082A
:10022000E3020008E3020008E3020008E30200081A
:10023000E3020008E3020008E3020008E30200080A
:10024000E3020008E3020008E3020008E3020008FA
:10025000E3020008E3020008E3020008E3020008EA
:10026000E3020008E3020008E3020008E3020008DA
:10027000E3020008E3020008E3020008E3020008CA
:10028000E3020008E3020008E3020008E3020008BA
:10029000E3020008E3020008E3020008E3020008AA
:1002A000E3020008E3020008E3020008E30200089A
:1002B000E3020008E3020008E3020008E30200088A
:1002C000E3020008E3020008E3020008E30200087A
:1002D000E3020008E3020008E3020008E30200086A
:1002E00002E000F000F8FEE772B6374880F30888B5
:1002F000364880F3098836483649086040F20000E5
:10030000CCF200004EF63471CEF200010860BFF36B
:100310004F8FBFF36F8F40F20000C0F2F0004EF637
:100320008851CEF200010860BFF34F8FBFF36F8F8B
:100330004FF00000E1EE100A4EF63C71CEF20001E3
:100340000860062080F31488BFF36F8F07F018FA57
:1003500006F09AFB4FF055301F491B4A91423CBFB3
:1003600041F8040BFAE71D49184A91423CBF41F895
:10037000040BFAE71A491B4A1B4B9A423EBF51F83D
:10038000040B42F8040BF8E700201849184A914280
:100390003CBF41F8040BFAE707F030FA06F0F8FB2F
:1003A000144C154DAC4203DA54F8041B8847F9E7A6
:1003B00000F0C4F9114C124DAC4203DA54F8041B9E
:1003C0008847F9E707F018BA00060020002200204D
:1003D0000000000808ED00E00000002000060020FA
:1003E000289C0008002200206C220020702200209F
:1003F000545E0020E0020008E0020008E00200086D
:10040000E00200082DE9F04F2DED108AC1F80CD064
:10041000D0F80CD0BDEC108ABDE8F08F002383F338
:1004200011882846A047002006F010F9FEE706F0E4
:1004300069F800DFFEE7000053B94AB9002908BF98
:1004400000281CBF4FF0FF314FF0FF3000F074B9AF
:10045000ADF1080C6DE904CE00F006F8DDF804E01B
:10046000DDE9022304B070472DE9F047089D0446FA
:100470008E46002B4DD18A42944669D9B2FA82F257
:1004800052B101FA02F3C2F1200120FA01F10CFA93
:1004900002FC41EA030E94404FEA1C48210CBEFBCB
:1004A000F8F61FFA8CF708FB16E341EA034306FB54
:1004B00007F199420AD91CEB030306F1FF3080F0E3
:1004C0001F81994240F21C81023E63445B1AA4B230
:1004D000B3FBF8F008FB103344EA034400FB07F7D2
:1004E000A7420AD91CEB040400F1FF3380F00A8113
:1004F000A74240F207816444023840EA0640E41B08
:1005000000261DB1D4400023C5E900433146BDE8B3
:10051000F0878B4209D9002D00F0EF800026C5E955
:10052000000130463146BDE8F087B3FA83F6002E6D
:100530004AD18B4202D3824200F2F980841A61EBE5
:10054000030301209E46002DE0D0C5E9004EDDE703
:1005500002B9FFDEB2FA82F2002A40F09280A1EBEB
:100560000C014FEA1C471FFA8CFE0126200CB1FB40
:10057000F7F307FB131140EA01410EFB03F0884239
:1005800008D91CEB010103F1FF3802D2884200F2C6
:10059000CB804346091AA4B2B1FBF7F007FB101158
:1005A00044EA01440EFB00FEA64508D91CEB0404F6
:1005B00000F1FF3102D2A64500F2BB800846A4EB51
:1005C0000E0440EA03409CE7C6F12007B34022FA3C
:1005D00007FC4CEA030C20FA07F401FA06F31C436B
:1005E000F9404FEA1C4900FA06F3B1FBF9F8200C78
:1005F0001FFA8CFE09FB181140EA014108FB0EF0BE
:10060000884202FA06F20BD91CEB010108F1FF3A0D
:1006100080F08880884240F28580A8F10208614419
:10062000091AA4B2B1FBF9F009FB101144EA014127
:1006300000FB0EFE8E4508D91CEB010100F1FF34D2
:100640006CD28E456AD90238614440EA0840A0FB6A
:100650000294A1EB0E01A142C846A64656D353D040
:100660005DB1B3EB080261EB0E0101FA07F722FA64
:1006700006F3F1401F43C5E9007100263146BDE88D
:10068000F087C2F12003D8400CFA02FC21FA03F3F0
:10069000914001434FEA1C471FFA8CFEB3FBF7F071
:1006A00007FB10360B0C43EA064300FB0EF69E4296
:1006B00004FA02F408D91CEB030300F1FF382FD22F
:1006C0009E422DD9023863449B1B89B2B3FBF7F6D7
:1006D00007FB163341EA034106FB0EF38B4208D9B0
:1006E0001CEB010106F1FF3816D28B4214D9023EF1
:1006F0006144C91A46EA004638E72E46284605E70F
:100700000646E3E61846F8E64B45A9D2B9EB0208DF
:1007100064EB0C0E0138A3E74646EAE7204694E76F
:100720004046D1E7D0467BE7023B614432E73046A2
:1007300009E76444023842E7704700BF38B501F06A
:100740008DFA01F05DFC06F0C3FE054606F0ACFF35
:100750000446D0B90F4B9D4219D001339D4241F25E
:10076000883504BF01240025002006F0BBFE0CB133
:1007700000F078F801F0E2FB00F026FD08B100F08F
:1007800071F8284600F01CF9F9E70025ECE705466A
:10079000EAE700BF010007B008B501F02BFAA0F1AD
:1007A00020035842584108BD07B541F21203022107
:1007B00001A8ADF8043001F03BFA03B05DF804FB8A
:1007C00038B5302383F31188174803680BB106F05E
:1007D00021F80023154A4FF47A71134806F010F8F7
:1007E000002383F31188124C236813B12368013B63
:1007F0002360636813B16368013B63600D4D2B7820
:1008000033B963687BB9022001F0FAFA32236360DE
:100810002B78032B07D163682BB9022001F0F0FA83
:100820004FF47A73636038BD70220020C10700085E
:100830009023002088220020084B187003280CD831
:10084000DFE800F008050208022001F0CBBA022020
:1008500001F0B8BA024B00225A607047882200208B
:1008600090230020F8B5504B504A1C4619680131BE
:1008700000F0998004339342F8D162684C4B9A425D
:1008800040F291804B4B9B6803F1006303F500330A
:100890009A4280F08880002001F006FA0220FFF7DB
:1008A000CBFF454B0021D3F8E820C3F8E810D3F87C
:1008B0001021C3F81011D3F81021D3F8EC20C3F89D
:1008C000EC10D3F81421C3F81411D3F81421D3F881
:1008D000F020C3F8F010D3F81821C3F81811D3F89A
:1008E0001821D3F8802042F00062C3F88020D3F8AA
:1008F000802022F00062C3F88020D3F88020D3F853
:10090000802042F00072C3F88020D3F8802022F0CB
:100910000072C3F88020D3F8803072B64FF0E02325
:10092000C3F8084DD4E90004BFF34F8FBFF36F8FB6
:10093000224AC2F88410BFF34F8F536923F48033E7
:100940005361BFF34F8FD2F8803043F6E076C3F3A4
:10095000C905C3F34E335B0103EA060C29464CEA92
:1009600081770139C2F87472F9D2203B13F1200F5C
:10097000F2D1BFF34F8FBFF36F8FBFF34F8FBFF332
:100980006F8F536923F4003353610023C2F8503250
:10099000BFF34F8FBFF36F8F302383F311888546EA
:1009A00080F308882047F8BD0000020820000208F4
:1009B000FFFF0108002200200044025800ED00E083
:1009C0002DE9F04F93B0B44B2022FF2100900AA8EC
:1009D0009D6801F05DFAB14A1378A3B90121B048CE
:1009E00011700360302383F3118803680BB105F0A5
:1009F00011FF0023AB4A4FF47A71A94805F000FFBC
:100A0000002383F31188009B13B1A74B009A1A604F
:100A1000A64A1378032B03D000231370A24A536015
:100A20004FF0000A009CD3465646D146012001F003
:100A3000D9F924B19C4B1B68002B00F026820020C2
:100A400001F0D8F80390039B002BF2DB012001F0AA
:100A5000B9F9039B213B1F2BE8D801A252F823F0E0
:100A6000E10A0008090B00089D0B00082D0A000888
:100A70002D0A00082D0A00082F0C0008FF0D0008A1
:100A8000190D00087B0D0008A30D0008C90D000812
:100A90002D0A0008DB0D00082D0A00084D0E000885
:100AA000810B00082D0A0008910E0008ED0A0008CD
:100AB000810B00082D0A00087B0D00082D0A000894
:100AC0002D0A00082D0A00082D0A00082D0A00082A
:100AD0002D0A00082D0A00082D0A00089D0B0008A9
:100AE0000220FFF759FE002840F0F981009B022107
:100AF00005A8BAF1000F08BF1C4641F21233ADF849
:100B0000143001F095F891E74FF47A7001F072F823
:100B1000071EEBDB0220FFF73FFE0028E6D0013F77
:100B2000052F00F2DE81DFE807F0030A0D1013360F
:100B30000523042105A8059301F07AF817E00421A4
:100B40005548F9E704215A48F6E704215948F3E7E4
:100B50004FF01C08404608F1040801F0A7F80421F2
:100B6000059005A801F064F8B8F12C0FF2D101202E
:100B70004FF0000900FA07F747EA0B0B5FFA8BFB0F
:100B800001F0D2F926B10BF00B030B2B08BF0024A8
:100B9000FFF70AFE4AE704214748CDE7002EA5D01B
:100BA0000BF00B030B2BA1D10220FFF7F5FD07463D
:100BB00000289BD00120002601F076F80220FFF7E4
:100BC0003BFE1FFA86F8404601F07EF80446B0B1BD
:100BD000039940460136A1F140025142514101F0D2
:100BE00083F80028EDD1BA46044641F212130221DF
:100BF00005A83E46ADF8143001F01AF816E7254670
:100C00000120FFF719FE244B9B68AB4207D9284609
:100C100001F04CF8013040F067810435F3E700251E
:100C2000224BBA463E461D701F4B5D60A8E7002E62
:100C30003FF45CAF0BF00B030B2B7FF457AF02209C
:100C4000FFF7FAFD322000F0D5FFB0F10008FFF603
:100C50004DAF18F003077FF449AF0F4A08EB0503C7
:100C6000926893423FF642AFB8F5807F3FF73EAFC0
:100C7000124BB845019323DD4FF47A7000F0BAFFB0
:100C80000390039A002AFFF631AF039A0137019BC4
:100C900003F8012BEDE700BF002200208C23002089
:100CA00070220020C1070008902300208822002025
:100CB00004220020082200200C2200208C22002088
:100CC000C820FFF769FD074600283FF40FAF1F2D2E
:100CD00011D8C5F120020AAB25F003008449424532
:100CE000184428BF4246019201F0ACF8019AFF2156
:100CF0007F4801F0CDF84FEAA803C8F387027C498A
:100D00002846019301F0CCF8064600283FF46DAF69
:100D1000019B05EB830533E70220FFF73DFD00282B
:100D20003FF4E4AE00F0FEFF00283FF4DFAE002702
:100D3000B846704B9B68BB4218D91F2F11D80A9B2D
:100D400001330ED027F0030312AA134453F8203CBA
:100D500005934046042205A9043701F063F9804653
:100D6000E7E7384600F0A2FF0590F2E7CDF81480DF
:100D7000042105A800F05CFF02E70023642104A819
:100D8000049300F04BFF00287FF4B0AE0220FFF781
:100D900003FD00283FF4AAAE049800F0B9FF0590C7
:100DA000E6E70023642104A8049300F037FF00283D
:100DB0007FF49CAE0220FFF7EFFC00283FF496AED4
:100DC000049800F0A7FFEAE70220FFF7E5FC0028FF
:100DD0003FF48CAE00F0B6FFE1E70220FFF7DCFC49
:100DE00000283FF483AE05A9142000F0B1FF0746A8
:100DF0000421049004A800F01BFF3946B9E7322013
:100E000000F0F8FE071EFFF671AEBB077FF46EAE72
:100E1000384A07EB0903926893423FF667AE022017
:100E2000FFF7BAFC00283FF461AE27F003074F44F8
:100E3000B9453FF4A5AE484609F1040900F036FF74
:100E40000421059005A800F0F3FEF1E74FF47A7055
:100E5000FFF7A2FC00283FF449AE00F063FF002832
:100E600044D00A9B01330BD008220AA9002001F0CC
:100E700017F800283AD02022FF210AA801F008F82C
:100E8000FFF792FC1C4805F0E7FB13B0BDE8F08FBC
:100E9000002E3FF42BAE0BF00B030B2B7FF426AE92
:100EA0000023642105A8059300F0B8FE074600283A
:100EB0007FF41CAE0220FFF76FFC804600283FF451
:100EC00015AEFFF771FC41F2883005F0C5FB0598BF
:100ED00001F074F846463C4601F026F8A6E50646C1
:100EE0004EE64FF0000901E6BA467EE637467CE65C
:100EF0008C22002000220020A08601007047000004
:100F000070470000704700002DE9F04100F5803780
:100F1000044616463B7C5BB9C0681030204400F0A4
:100F200091FFE5683544B5F5004FE56002D816B18C
:100F3000BDE8F081DEB905F07F0605F11000002163
:100F4000C6F180062044F6B232462E4400F0A0FFDF
:100F5000A06804F11008324600F10060414600F537
:100F6000003006F055F830B901233B74E0E74FF448
:100F700000463546ECE7A26805F1100140463244D0
:100F80002144A260E268521BE26000F05BFF022095
:100F9000BDE8F04100F034BF183000F0E9BC0000BB
:100FA00010B5044601F05AF8204610BD10B50446AD
:100FB00001F054F8204610BDC0B2A0F14103052B4A
:100FC00002D83738C0B27047A0F16103052B94BF37
:100FD00057383038F6E7000070B504461546084625
:100FE00003220C4900F038FF014688B908346E1C12
:100FF00015F91100FFF7E0FF024616F91100013163
:10100000FFF7DAFF102940EA021004F8010BEFD1D4
:1010100070BD00BFE89100082DE9F04FADF53F7DB0
:101020000746416801222AA802F0FAFE002840F093
:1010300087800646824681461125DFF80C81DFF85D
:101040000CB101AB4FF4805241462AA803F048F896
:10105000002875D1019AB2F5805F71D8002A65D059
:101060000446019A9442ECD2282D0FD008DC132DAF
:101070002DD01E2D39D0112D13D00134A4B2F0E79C
:10108000322D2DD0372D2FD02D2DF6D13B68121BB0
:1010900008EB040138461B692D259847BDF804402C
:1010A000EBE7121B022A09D9594608EB040000F0AD
:1010B000D3FE18B902342825A4B2DEE718F80430AC
:1010C0003A2B3DD00A2B1CBFA1461325D5E718F8B3
:1010D00004300A2B34D03A2B04BFA2463225CCE789
:1010E00018F80430202BC8D0264618F804300A2BF4
:1010F0001AD1AAEB090208EB090102A811254F2A0F
:1011000028BF4F2208F05CF8A21B08EB060116A8C6
:101110004F2A28BF4F2208F053F83B6816AA02A9AD
:10112000DB6838469847A8E71E25A6E73B6838469F
:1011300004491B69984701200DF53F7DBDE8F08FFC
:101140000020F9E7EA92000898230020EC910008BB
:1011500000F1180110B5044686B00846019100F070
:10116000F1FB2046FFF758FF60B1019902A800F09B
:1011700049FC102204F1080102A807F0E1FFB0FACF
:1011800080F0400906B010BD70B504460025EEB2EF
:10119000304600F099FD58B100213046013500F08D
:1011A000A3FD08B9002070BD022000F029FEEEE783
:1011B0002046FFF731FF0028F4D004F58034207C6E
:1011C00080F00100EFE70000F0B5C9B006F098F933
:1011D00000F060FF18B90025284649B0F0BD694607
:1011E0002A4803F03FF800284BD1294C204603F051
:1011F00069F8284803F066F8274803F063F82146A9
:10120000224803F0DBF80028E5D1702000F020FF31
:10121000064610B1214B44600360336830469B683A
:101220009847054600282ED01A4F1948394603F032
:10123000C5F805460028CED1194800F009FF04463C
:1012400038B1184B4760036000F58033C0E90255A0
:101250001D74236820469B689847054628B10E49AF
:101260000C4803F0ABF80028B5D1336830465B6812
:1012700098471CB1236820465B68984700F0F2FE4F
:10128000AAE70025FAE70446EFE700BFF09100085F
:1012900000920008179200082D9200085092000852
:1012A000140001006C9200082DE9F04FD44A8DB073
:1012B0000B68D0F804A001931A440368D14E1A4475
:1012C000D1F81C90DFF8B4C3DFF8B4B3D0E902342E
:1012D000634003EA0A03634013444A6802920AEB3C
:1012E0007363029CC84A2244C468224484688AEA20
:1012F00004051D40654015448A68039203EB35558B
:10130000039CC24A2244846822448AEA03042C4093
:1013100084EA0A041444CA6805EBF43404921644BF
:1013200083EA0502224056445A4032440E6905962B
:1013300004EBB222059FB64E3E441E4485EA0403E8
:1013400013406B4033444E69069602EB7363069F6D
:10135000B04E3E442E4484EA02051D4065403544AB
:101360008E69079603EB3555079FAB4E3E442644E6
:1013700082EA03042C4054403444A84E4E4405EB0A
:10138000F434164483EA050222405A4032440E6A7D
:10139000089604EBB222089FA14E3E441E4485EA03
:1013A000040313406B4033444E6A099602EB7363A7
:1013B000099F9C4ED1F830E03E44D1F83880F34488
:1013C0002E4484EA02051D40654035448E6AA6F528
:1013D000244703EB35550A964F3F274482EA03041E
:1013E0002C4054403C44CF6A0B9705EBF4340B9EE1
:1013F0008D4F3744029E174483EA050222405A402B
:101400003A448A4F774404EBB2221F4485EA04032E
:1014100013406B403B444F6BBC4402EB7363654429
:1014200084EA020C0CEA030C8CEA040C6544DFF835
:1014300054C2C44403EB3555A44482EA03042C404F
:1014400054406444D1F83CC0794905EBF43461441C
:10145000114483EA050222405A400A44754904EBCC
:10146000B2223144079E194484EA02032B406340B0
:101470000B44714902EBF36331440B9E0D4482EA45
:1014800003012140514029446C4D03EBF151354497
:10149000019E254483EA010414405C402C44684DBD
:1014A00001EBB4443544069E154481EA04021A4017
:1014B0004A402A44634D04EB323235440A9E1D44AF
:1014C00084EA02030B4063402B445F4D02EBF3635D
:1014D0003544059E0D4482EA0301214051402944D0
:1014E0005A4D03EBF1516544254483EA010414404D
:1014F0005C402C44564D01EBB4443544099E1544E0
:1015000081EA04021A404A402A44524D04EB323226
:101510003544049E1D4484EA02030B4063402B447F
:101520004D4D02EBF36345440D4482EA0301214033
:1015300051402944494D03EBF1513544089E2C4458
:1015400083EA010515405D402C44454D01EBB44450
:101550003544039E2A4481EA04051D404D402A4437
:10156000404D04EB32323D442B4484EA020593445F
:101570000D4065402B443C4D02EBF3633544069E21
:10158000294482EA0305254055402944374D03EBA1
:10159000F1514D442C4483EA010515405D4025443A
:1015A00001EBB54581EA050404EA03024A405A44C6
:1015B000A6F5B82B089E05EB3232ABF2BE6B544059
:1015C0005B4423442A4C344402EB33730B9E0C449B
:1015D00085EA020159402144264C344403EB715101
:1015E000029E254482EA03044C402544224C444494
:1015F00001EB3545144483EA01026A40224443E08A
:1016000078A46AD7EECEBDC156B7C7E8DB702024F8
:10161000AF0F7CF52AC68747134630A8019546FDD3
:10162000D8988069AFF7448BBED75C892211906B44
:101630002108B44962251EF640B340C0515A5E26C7
:10164000AAC7B6E95D102FD65314440281E6A1D88B
:10165000C8FBD3E7E6CDE121D60737C3870DD5F424
:10166000ED145A4505E9E3A9F8A3EFFCD9026F6729
:1016700081F6718722619D6D0C38E5FD937198FDAF
:101680008A4C2A8D8E4379A6934C344405EB722202
:10169000059E1C4481EA0503534023448F4C344487
:1016A00002EB33730A9E0C4485EA0201594021443F
:1016B0008B4C4C4403EB7151254482EA03044C40AB
:1016C0002C44884D354401EB3444019E154483EA93
:1016D000010262402A44844D3D4404EB72221D44C1
:1016E00081EA040353402B44804D354402EB3373AD
:1016F000049E294484EA02055D4029447C4D35441A
:1017000003EB7151079E254482EA03044C402C44AC
:10171000784D354401EB3444099E2A4483EA01059F
:1017200065401544744A324404EB7525039E134406
:1017300081EA04026A401A44704B734405EB32722A
:101740000B4484EA0501514019446D4B634402EB9C
:1017500071511C4485EA02034B401C44694B3344DD
:1017600001EB3444019E1D4482EA010363402B4493
:10177000654D04EB73233544069E154463EA01026C
:1017800062402A44614D03EBB2624D4462EA0409AF
:1017900029445F4D89EA0309454449442C445D4D81
:1017A00002EBB1513544049E61EA03081D4488EA06
:1017B0000208444401EB744464EA02034B402B44A6
:1017C000554D04EBF323754463EA010E15448EEA8C
:1017D000040E0EEB0502514D03EBB262354462EA92
:1017E000040E29440A9D8EEA030EA5F580164C4D81
:1017F0007144A6F6833602EBB151264461EA030434
:1018000054403444029E01EB7444354464EA0206B9
:101810001D444E407319089E424D04EBF32335449A
:1018200063EA01061544664072193F4D03EBB2624C
:10183000654462EA040629443C4D5E403144079EFB
:1018400002EBB151354461EA03062C44384D564051
:101850003D443444059E1D4401EB744464EA020394
:101860004B402B44334D04EBF32335440B9E15447E
:1018700063EA010262402A442F4D03EBB262354411
:10188000039E0D4462EA0401594029442B4D02EBAA
:10189000B15135442A4E254461EA030454402C4496
:1018A000099D01EB74442E4464EA02051E4485EA56
:1018B00001039D1903681A440AEB040303EBF523A3
:1018C0000260436083681C44C36819448460C1603B
:1018D0000DB0BDE8F08F00BF44EABEA4A9CFDE4B37
:1018E000604BBBF670BCBFBEC67E9B28FA27A1EA40
:1018F0008530EFD4051D880439D0D4D9E599DBE6CD
:10190000F87CA21F6556ACC4442229F497FF2A43F1
:10191000A72394AB39A093FCC3595B6592CC0C8F81
:10192000D15D84854F7EA86FE0E62CFE144301A3B1
:10193000A111084E827E53F735F23ABDBBD2D72AA9
:1019400091D386EB094B036003F18833436003F1C5
:101950002943A3F59613A3F68B638360A3F1883321
:10196000C3600023C0E90433704700BF012345670B
:101970002DE9F8431446026905460E46E300C2F31A
:10198000C50800F118079B18036122BF43690133A2
:10199000436112F4FC7F436903EB5473436114D039
:1019A000C8F1400907EB08004C4504D22246BDE8C7
:1019B000F84307F0D5BB403C4A464E4407F0D0FB05
:1019C000444439462846FFF76FFCA04606EB04095D
:1019D000B8F13F0FA9EB08010AD94022384607F0B9
:1019E000BFFB39462846A8F14008FFF75DFCEFE74A
:1019F000A1096FF03F02384602FB014206EB81115C
:101A0000D5E7000070B50B6901F1180506460C46D4
:101A1000C3F3C503EA18501C8022EA54C3F13F0205
:101A2000072A1FD8002100F033FA29462046FFF785
:101A30003BFC38220021284600F02AFA2369294677
:101A40002046236563696365FFF72EFC214610225B
:101A5000304607F085FB204658220021BDE8704043
:101A600000F016BAC3F137020021E5E72DE9F84F7F
:101A70004FF47A7306460D46002402FB03F7DFF8A5
:101A80005080DFF8509098F900305FFA84FA5A1CC1
:101A900001D0A34212D159F824002A4631460368E6
:101AA000D3F820B03B46D847854207D1074B0120E9
:101AB00083F800A0BDE8F88F0124E4E7002CFBD0F8
:101AC0004FF4FA7004F0C8FD0020F3E7DC33002087
:101AD000102200201422002000232DE9F0471A468E
:101AE000054688460120194602F0D8FF04468020AA
:101AF00005F0ACFB0746002861D0002C5FD03B4EC0
:101B000028464FF0800A736943F0C0637361D6F8CA
:101B1000143143F0C063C6F8143105F019FA05EB2F
:101B2000080200FB05F34FF4D06C50434FF03D0E1C
:101B3000834233D23269520143D4D6F81021510185
:101B40003FD4216803F100628A602268D76022686E
:101B5000C2F804A02268C2F800C0D4F80090D9F8F6
:101B6000002042F00102C9F80020D4F80090D9F812
:101B7000002022F01E02C9F80020D4F80090D9F805
:101B80000020D207FBD494F80C90803361680EFAE1
:101B900009F20A60CCE7002005F0B8FA204602F00E
:101BA000BDFF384605F08EFB104B5A6942F0C0620B
:101BB0005A61D3F8142142F0C062C3F81421BDE881
:101BC000F0870B4B9A6A42F400729A629A6A42F466
:101BD00000429A6261B60026012005F097FAB045EE
:101BE000D9D9A819013605F0CBF9F8E70020005241
:101BF00000ED00E0002307B5024601210DF10700CA
:101C00008DF80730FFF732FF20B19DF8070003B0D1
:101C10005DF804FB4FF0FF30F9E700000A460421AD
:101C200008B5FFF723FF80F00100C0B2404208BDB5
:101C3000074B0A4630B41978064B53F82140014649
:101C400023682046DD69044BAC4630BC604700BFCA
:101C5000DC33002014220020A086010070B5104C57
:101C60000025104E05F078F92080306823888342E3
:101C70000CD800252088013805F06AF9238805442E
:101C8000013BB5F5802F2380F4D370BD05F060F9DA
:101C9000336805440133B5F5003F3360E5D3E8E729
:101CA000DE3300209833002005F030BA00F10060E8
:101CB00000F500300068704700F10060920000F508
:101CC000003005F0A5B90000054B1A68054B1B88CC
:101CD0009B1A834202D9104405F03AB9002070479C
:101CE00098330020DE33002038B50446074D29B173
:101CF00028682044BDE8384005F042B928682044EF
:101D000005F02CF90028F3D038BD00BF983300202F
:101D10000020704700F1FF5000F58F10D0F8000848
:101D200070470000064991F8243033B1002308229F
:101D3000086A81F82430FFF7BFBF0120704700BF59
:101D40009C330020014B1868704700BF0010005CF6
:101D5000194B01380322084470B51D68174BC5F3B1
:101D60000B042D0C1E88A6420BD15C680A46013C70
:101D7000824213460FD214F9016F4EB102F8016B83
:101D8000F6E7013A03F10803ECD181420B4602D297
:101D90002C2203F8012B0424094A1688AE4204D1F0
:101DA000984284BF967803F8016B013C02F104026B
:101DB000F3D1581A70BD00BF0010005C1C22002037
:101DC000AC920008022804D1054B4FF400229A611E
:101DD00070470128FCD1024B4FF48012F7E700BF97
:101DE00000100258022803D1044B08229A61704760
:101DF0000128FCD1014B1022F8E700BF0010025867
:101E0000022805D1064A536983F0080353617047DD
:101E10000128FCD1024A536983F01003F6E700BFA2
:101E20000010025870B504464FF47A764CB1412C3C
:101E3000254628BF412506FB05F0641B04F00CFC79
:101E4000F4E770BD002310B5934203D0CC5CC454BA
:101E50000133F9E710BD0000013810B510F9013F5A
:101E60003BB191F900409C4203D11AB10131013AD2
:101E7000F4E71AB191F90020981A10BD1046FCE75A
:101E800003460246D01A12F9011B0029FAD1704705
:101E900002440346934202D003F8011BFAE770475D
:101EA0002DE9F8431F4D14460746884695F824202F
:101EB00052BBDFF870909CB395F824302BB92022E8
:101EC000FF2148462F62FFF7E3FF95F824004146C3
:101ED000C0F1080205EB8000A24228BF2246D6B21C
:101EE0009200FFF7AFFF95F82430A41B17441E445F
:101EF0009044E4B2F6B2082E85F82460DBD1FFF7F7
:101F000011FF0028D7D108E02B6A03EB820383423C
:101F1000CFD0FFF707FF0028CBD10020BDE8F88322
:101F20000120FBE79C330020024B1A78024B1A7009
:101F3000704700BFDC3300201022002038B51A4C57
:101F40001A4D204603F090FE2946204603F0B8FEC5
:101F50002D684FF47A70D5F89020D2F8043843F009
:101F60000203C2F80438FFF75DFF1149284603F069
:101F7000B5FFD5F890200F4DD2F80438286823F02B
:101F800002030D49A042C2F804384FF4E1330B605C
:101F900001D003F0C7FD6868A04204D00649BDE83F
:101FA000384003F0BFBD38BD38400020A89A000873
:101FB000B09A000814220020C43300200C4B70B5E6
:101FC0000C4D04461E780C4B55F826209A420DD035
:101FD0000A4B002118221846FFF75AFF04600146F9
:101FE00055F82600BDE8704003F09CBD70BD00BFF1
:101FF000DC3300201422002038400020C4330020AD
:1020000008B571B6054B1988054B1888FFF764FDB4
:1020100002210E20FFF760FD61B608BDDE3300200F
:102020009833002030B50A44084D91420DD011F884
:10203000013B5840082340F30004013B2C4013F0BF
:10204000FF0384EA5000F6D1EFE730BD2083B8EDFE
:102050000121884238BF084605F030B908B105F0C3
:1020600031B9704710B5084C01220849002001F031
:10207000B3FE23783BB1064803F0CCFC044803F0E0
:10208000FFFC0023237010BDE0330020BC92000849
:10209000C03600201D482DE9F041036D2BB9012207
:1020A0004FF48051503005F051FA194E33780BB18E
:1020B000FFF7D8FF0324174F4FF00008134D1549C1
:1020C0002846C7F8048003F0CDFC284603F006FB41
:1020D00048B1013C284603F0D3FC14F0FF04EED1D4
:1020E000204634700FE00C4901220C4801F074FEC8
:1020F000014618B1284603F08DFCEAE7084800F0D5
:1021000011F801203070BDE8F08100BFC03600201A
:10211000E033002034220020BC920008E433002089
:10212000C09200080FB4002004B0704700687047E8
:1021300003460068596870470B0A017043700B0C26
:10214000090E8370C1707047110A027003714170EB
:10215000110C120E8170C2701A0A42711A0C1B0EF9
:102160008271C37170470000C36A0239023B8B421F
:1021700083BF4389006C01FB03000020704700000F
:10218000C2F307238A76CB760378032B01BF120CA8
:102190000A75120A4A75704700F10B010022D3013B
:1021A00043EA520310F8012B52FA83F38842DAB261
:1021B000F5D110467047000010B541780446002064
:1021C000013102464901022A16BFA35C032203EB38
:1021D000C03302F101021EBF9BB203EB500398B261
:1021E0009142F0D810BD000002684AB1134613F8BE
:1021F000011B1F290DD93A29F9D1911C8B4202D01C
:102200004FF0FF3070471278302AF9D10360002078
:102210007047014B187870473036002038B50D46AE
:10222000044618B9092000232B6038BD0368002B31
:10223000F8D01A78002AF5D08188DA889142F1D155
:10224000587804F0A5FB10F00100EBD12368EBE710
:1022500038B50D4640F25231144602F0B9F9FF2864
:1022600007D9012C0BD9030A022468702B70204671
:1022700038BD30B1002CFAD001242870F7E70024D3
:10228000F5E70446F3E700002DE9F8430026D0F80F
:10229000008005460C468E76836B002B4AD098F85A
:1022A0000030042B4BD133463546402720E0B7F5AC
:1022B000187F80F0C480F90606F1010608BF0237D6
:1022C000D05B02372BB900F5205292B2B2F5006F05
:1022D0000DD305F11A01C5F1FF0240EA0340214484
:1022E000FFF7B6FF002800F0AA800544002003464F
:1022F000D8F8102092F82310B142D8D8002B40F023
:102300009E80002D00F09B8000232544AB766373F4
:10231000D8F81020137903F03701DB0621730BD4B2
:1023200002F13800FFF704FFC4E9000193896381DB
:10233000D3892381BDE8F88300200146F4E7C36C0C
:1023400001335ED1EA6B00232E26551E184615F880
:10235000011F013020290CD0052908BFE5210928DB
:1023600004D10B2B9EBFE71801337E73E7180133AE
:1023700079730B28EBD1E11800204873A17E002966
:102380004BD1002B40D06FF00C0604F10D00082556
:10239000361B331810F8011B002938D02E298BB2B8
:1023A0004AD0A3F14101192903D8117B0D4200D075
:1023B00020330373EDE7B9F1000F05D100F5205389
:1023C0009BB2B3F5006F0BD307F11A01C7F1FF02FF
:1023D00040EA09402144FFF73BFF48B10744002091
:1023E00002368146D8F80C30985B0028E3D1384695
:1023F000B9F1000F4FF0000218BF002023189A76A1
:10240000A0E7B1463746EDE73F23A37601232344F7
:1024100000219976137B03B96373D37A02F11C0010
:1024200003F03F0323730023FFF780FE2060636007
:10243000D38A6381138B7CE710250B46B9E73F23D2
:102440000125A37660E7000038B50546002435F87D
:10245000020B08B9204638BD02F0EEF86308C2B29C
:1024600003EBC43312FA83F39AB2C0F3072303EBEE
:10247000520303EBC2339CB2E9E7000037B5C378DF
:1024800004461BB90025284603B030BD00F14C01BD
:10249000826C01234078019104F0A0FA054680B9CE
:1024A000A36BE070A06C226BC31A9342EAD2A378AC
:1024B0000199022BE6D102440123607804F08EFAE0
:1024C000E1E70125DFE7000038B5836C05460C46DF
:1024D0008B4210D0FFF7D2FF60B92246012305F1ED
:1024E0004C01687804F056FA00281CBF4FF0FF3406
:1024F0000120AC6438BD0020FCE7000038B50023A3
:102500000446C3704FF0FF338364FFF7DDFF0028FC
:102510004BD1B4F84A524AF655239D4207D10B22BB
:10252000254904F14C0006F00BFE00283FD094F83A
:102530004C30EB2B03D01833DBB2012B2ED84AF6EC
:1025400055239D4206D108221C4904F19E0006F045
:10255000F7FD48B3B4F85730B3F5007F1ED194F8B7
:102560005930DBB15A1E1A4218D1B4F85A30ABB107
:1025700094F85C30013B012B10D8B4F85D306BB19E
:10258000B4F85F307F2B06D804F16C00FFF7CEFD66
:10259000B0F5803F02D3B4F8623053B94AF6552003
:1025A00085420CBF0220032038BD0420FCE7012037
:1025B000FAE70020F8E700BFEC920008F892000864
:1025C00002392DE9F04701F007044FF0010A466C8B
:1025D00005460AFA04F41746984606EB1136C1F38D
:1025E000C809E4B2314628460136FFF76DFF18B13D
:1025F0000120BDE8F087994605EB090292F84C30BE
:10260000234214BF01210021414513D06340013F03
:1026100082F84C3085F803A0EBD0640014F0FF047E
:10262000EAD109F1010301244FF00009B3F5007F5D
:10263000E1D1D7E70220DCE701290246F8B50C46D4
:1026400040F28C800668F36A8B4240F287803378D0
:10265000013B032B00F28280DFE803F00229384BB4
:1026600004EB5405B16B304601EB5521FFF72CFF0D
:1026700010B14FF0FF30F8BD6F1CC5F30805B16B0A
:102680003046354401EB572195F84C50FFF71CFFBD
:102690000028EED1C7F30807E3073E4496F84C0044
:1026A00045EA00204CBF0009C0F30B00E3E7B16B23
:1026B000304601EB1421FFF707FF0028D9D1640051
:1026C00004F4FF742644B6F84C00D4E7B16B3046EE
:1026D00001EBD411FFF7F8FE0028CAD1A40006F1DF
:1026E0004C0004F4FE742044FFF720FD20F07040FD
:1026F000C1E7D0E90430D57953EA000101D09168EF
:1027000001B95DBB9168022DA4EB01010DD1013B24
:10271000728940F1FF305B0A43EAC053B3FBF2F326
:1027200099421BD81CD0601CA5E7032D02D19369E8
:102730008B42F8D8D3699BB9B16B304601EBD41109
:10274000FFF7C2FE002894D1A0004C3600F4FE70C2
:102750003044FFF7EBFC20F000408CE701208AE7D3
:102760006FF0004087E70000F8B5066804460D46A4
:102770003378042B0CBF4FF080524FF400128A4282
:1027800001D80220F8BDCA06FBD182680163D2B924
:10279000022B13D83389B3EB551FF2D9F36BA36324
:1027A000A36B6263002BECD003EB55234C36C5F3CF
:1027B00008050020A3633544E563E3E7F36BC271CA
:1027C000002BE7D01A4677897F02BD42114604D21A
:1027D0003046FFF7C9FCA063E2E72046FFF72CFF75
:1027E000431C024606D00128CBD9F36A8342C8D9DC
:1027F000ED1BEAE70120C5E701292DE9F047064670
:102800000C46174608D9C36A8B4205D90378022BB8
:1028100062D003D8012B22D0022552E0033B012BCA
:10282000FAD8816B01EBD411FFF74EFE0546002864
:1028300047D1A40006F14C0304F4FE741C44337821
:10284000042B07D0204627F07047FFF76FFC00F0FD
:102850007040074339462046FFF76EFC2FE001EB3E
:102860005108816B01EB5821FFF72EFE054640BB56
:1028700014F0010406F14C0908F1010AC8F3080834
:1028800008BFFBB230461FBF19F8083003F00F0233
:102890003B0103F0F00318BF134309F8083001238C
:1028A000B16BF37001EB5A21FFF70EFE054640B9FC
:1028B000CAF3080A44B1C7F3071709F80A700123DD
:1028C000F3702846BDE8F08719F80A30C7F30327EC
:1028D00023F00F031F43F0E7816B01EB1421FFF797
:1028E000F3FD05460028ECD1640006F14C0304F426
:1028F000FF741F551919C7F307274F70DFE7000052
:10290000F8B504460E461746E3690BB91846F8BDFC
:10291000012BA6EB0305206814BFAA1C3A46691CCC
:10292000FFF76AFF0028F2D1E369013BE361EBE7BF
:1029300001292DE9F84306460C461746056802D8DA
:102940000220BDE8F883EB6A8B42F9D97AB9A14637
:1029500021463046A046FFF76FFE0446B0B92B78FB
:10296000042B02D1002F43D1F7710020E9E72B7827
:10297000042B02D1C379022BE9D04FF0FF32394644
:102980002846FFF739FF0028E1D0DAE70128D7D041
:10299000421C01D10120D4E72B78042B19D1EA6A1B
:1029A000AB69023A93421CD308F10102A2420CD057
:1029B0002B78042B08D10023A2EB090249462846B4
:1029C000FFF7FEFD0028BCD1A146EB6AA342BFD8A9
:1029D000C5E7002241462846FFF70EFF0028DED05B
:1029E000AFE70133AB612B7943F001032B71DBE7D8
:1029F000F3798BB9B468BC4202D10223F371B4E716
:102A000021463046FFF718FE012899D9431CC1D052
:102A100001348442EFD0A8E7032BA6D1B368BB42B0
:102A2000A3D8B2691344BB429FD3E6E770B5C3791C
:102A30000446032B06D181688369CD18A94203D1CE
:102A40000023E371002070BD4E1C20683246FFF762
:102A5000D3FE0028F7D13146F0E700002DE9F74317
:102A600005460191FFF70AFD0446002849D105F10A
:102A70004C09019928464FF40072FFF775FB214677
:102A8000A86407464846FFF703FA6C896402B4F568
:102A9000004F28BF4FF40044B4F5007F2FD92046E3
:102AA00004F014FC804630B122460021640A00265E
:102AB000FFF7EEF909E06408EEE72346BA1941464C
:102AC000687803F08BFF18B926446B899E42F4D3D3
:102AD000404604F00BFC6889801B18BF012003B03E
:102AE000BDE8F08301366B899E42F4D20123BA1906
:102AF0004946687803F072FF0028F3D0EBE7002620
:102B0000F1E70120EBE70000F8B50446FFF7B6FC5B
:102B10000546002842D12378032B37D12779012F8E
:102B200034D104F14C0601464FF400723046FFF7F1
:102B3000AFF955234122722184F84A32AA2304F5C1
:102B40000D7084F84F2084F84B32522384F83012F1
:102B500084F84C3084F84D30612384F8311284F8C5
:102B60004E3084F83332A16984F83222FFF7E4FA58
:102B7000616904F50E70FFF7DFFA626B3B46314680
:102B800001326078A26403F029FF25710022607889
:102B9000114603F047FF003818BF0120F8BD0000C0
:102BA00000232DE9F0430B6085B00F461546FFF773
:102BB0001BFB061EC0F2B281804B53F82640002C4E
:102BC00000F0AE813C6005F0FE0523786BB16078C3
:102BD00003F0DEFEC70708D41DB110F0040500D0D5
:102BE0000A25284605B0BDE8F0830023F0B2237023
:102BF000607003F0B9FEC10700F194810DB1420786
:102C0000EED400212046FFF779FC022840F099809D
:102C10006E4604F2122304F2522132461846103353
:102C2000FFF784FA42F8040B8B42F7D1002556F8DF
:102C3000041B00297DD02046FFF760FC012879D8CD
:102C40000128A26C40F0C08004F1570304F18C010C
:102C500013F8015B002D7BD18B42F9D1B4F8B4306D
:102C6000B3F5807F74D194F8B830092B70D104F19A
:102C70009400FFF75DFA4FF0FF33171841F10001A0
:102C8000BB4275EB010363D304F1A000FFF74EFADA
:102C900094F8BA302063012BA37059D194F8B990FD
:102CA00003FA09F91FFA89F36381002B50D0444BD2
:102CB00004F1A800FFF73AFA0646984248D8831C68
:102CC000626304F1A400E362FFF730FA00EB02084C
:102CD00004F19C00C4F84080FFF728FA10441FFA62
:102CE00089F2A06306FB02F313EB080345EB050230
:102CF0009F4271EB02032BD32E4604F1AC00FFF789
:102D000015FAE06365B96389B34221D9E16B2046C6
:102D1000FFF72AFA81192046FFF7D6FB98B901364A
:102D2000631993F84C30812B14D02035C5F3080576
:102D3000E8E703200135042D7FF479AF042807D19B
:102D400001E0042801D101254BE701287FF678AF87
:102D50000D2546E705F1140004F14C063044FFF759
:102D6000E5F901280546F3D9E36A8342F0D9618980
:102D7000821E236C02FB01336364A16B204601EBCE
:102D8000D511FFF7A1FB0028DDD105F07F0006EB90
:102D90008000FFF7CBF9431C03D00135A842ECD0EB
:102DA000D6E70425C4E90500064A257000251388E6
:102DB000E56101339BB21380E38012E734360020D3
:102DC000FDFFFF7F38360020B4F85730B3F5007FA1
:102DD000BED1B4F8626026B904F17000FFF7A6F91D
:102DE000064694F85C302663591EA3700129AFD8BB
:102DF00094F859506581002DAAD0691E2942A7D1A7
:102E0000B4F85D8018F00F0FA4F80880A0D1B4F8D2
:102E10005F0018B904F16C00FFF788F9B4F85A1094
:102E2000002995D006FB03FE01EB181CF444604515
:102E30008ED3A0EB0C00A842B0FBF5F388D33E483C
:102E4000834285D84FF6F57083426DD903259F1CC8
:102E5000114402EB0C03032DE7626263A163236458
:102E60004CD1B4F8763053EA08037FF471AFBB005D
:102E700004F17800FFF75AF9E06303F2FF13B6EBB1
:102E8000532FFFF465AF4FF0FF33032DC4E9053333
:102E90004FF08003237187D1B4F87C30012B83D1AC
:102EA000511C2046FFF710FB00287FF47DAFB4F8DB
:102EB0004A224AF6552320719A427FF475AF1F4B80
:102EC00004F14C00FFF732F998427FF46DAF03F143
:102ED000FF5304F50C70FFF729F903F50053203375
:102EE00098427FF461AF04F50D70FFF71FF9A06100
:102EF00004F50E70FFF71AF9606155E7B8F1000F9D
:102F00003FF426AF7144022D4FEA4703E1631EBF31
:102F1000D91907F0010303EB5103AEE70B2560E677
:102F20000C255EE603255CE640F6F575AB428CBFEA
:102F3000022501258BE700BFF5FFFF0F52526141CB
:102F40002DE9F84F07460568884649B96E69C6B14C
:102F5000EB6AB34298BF0126AB69A3B9002405E030
:102F6000FFF76AFB0128044603D801242046BDE888
:102F7000F88F421C00F0D280EB6A8342F6D84646B6
:102F8000EAE70126E8E72A78EB6A042A40F0838022
:102F9000A6F1020A023B4FF0010B9A4528BF4FF001
:102FA000000AD146696C284601EB1931FFF78CFA0B
:102FB00000283BD109F00703EA6AC9F3C8010BFAFC
:102FC00003F3901EDBB26A184C4609F1010992F82E
:102FD0004C20814502EA030233BF5B0000234FF41B
:102FE0000071DBB228BF9946B2B90234631E0333C5
:102FF000BCD80123214628461A46FFF7E1FA0228E9
:10300000B3D0012800F08A80B8F1000F13D1022359
:10301000FB710028A9D130E0CA450AD0002BD2D1DB
:103020000131B1F5007FBDD20123CCE74FF0FF3471
:10303000DCE70024DAE7FB79022B07D1731CA342FB
:10304000E7D0BB68F31ABB610323FB7108F10102EF
:10305000FB69A24205D113B10133FB61D9E7022319
:10306000FBE70BB90123FB61224641463846FFF7D7
:1030700047FC00284FD10123FB61EA6AAB69023AA1
:103080006C6193429CBF03F1FF33AB612B7943F03A
:1030900001032B716AE7464514D1741C3846A342DC
:1030A00098BF02242146FFF7C7FA01283FF45DAF1D
:1030B000431C33D0E0B16B69012B03D9EA6A934218
:1030C00038BF1E4634460134EB6AA34203D8012EB2
:1030D0007FF644AF022421463846FFF7ADFA48B1E7
:1030E00001283FF442AF013018D0B442EBD135E7AC
:1030F000002CE7D04FF0FF3221462846FFF77CFB3B
:1031000048B9B8F1000FB8D0224641462846FFF72B
:1031100073FB0028B1D001287FF427AF4FF0FF34B4
:1031200024E700002DE9F84306680446076B89464A
:1031300033782037042B0CBF4FF080534FF400132B
:10314000BB429CBF00238363836B73B1C7F3080842
:10315000B8F1000F3CD10133416B836339B9338936
:10316000B3EB571F34D80023A36304200AE073890C
:10317000013B13EA57232BD1FFF75EFA01280546DE
:1031800002D80220BDE8F883421C01D10120F9E7F2
:10319000F36A834216D8B9F1000FE4D0616B204680
:1031A000FFF7CEFE0546C8B10128EAD0431CEDD09A
:1031B00001463046FFF752FC0028E7D1E37943F09F
:1031C0000403E371294630466563FEF7CDFFA06333
:1031D0004C36002027634644E663D3E70720D1E757
:1031E000F8B50E46002104460768FFF7BDFA98B906
:1031F0000546A16B3846FFF767F968B93A78E36B83
:10320000042A1B780CD11B060ED505460121204649
:10321000FFF788FF0028ECD0042808BF072006E04D
:10322000E52B01D0002BF0D10135B542EED1F8BD30
:10323000C16C4B1C2DE9F04104460568066B1FD19B
:10324000E5274FF00108A16B2846FFF73DF998B933
:103250002A78E36B042A09BF1A781F7002F07F02F4
:103260001A7085F80380236BB3420DD200212046EB
:10327000FFF758FF0028E6D0042808BF022003E02B
:10328000FFF772FA0028DBD0BDE8F0812DE9F041AC
:1032900005460068A96B0669FFF716F9044620B9D0
:1032A000EB6B1A78852A03D002242046BDE8F08112
:1032B000324603F1200153F8040B8B4242F8040B11
:1032C000F9D1777801377F01A7F16003B3F5007F6B
:1032D000EAD800212846FFF725FF04280446E3D05A
:1032E0000028E2D1A96B2868FFF7EEF80446002811
:1032F000DBD1EB6B1A78C02AD6D106F1200203F19C
:10330000200153F8040B8B4242F8040BF9D196F8D4
:1033100023300F222C33B3FBF2F3B7EB431FC3D39D
:103320004FF0400800212846FFF7FCFE0428044621
:10333000BAD00028B9D1A96B2868FFF7C5F80446B0
:103340000028B2D1EB6B1A78C12AADD1B8F5187F3D
:1033500009D206EB080203F1200153F8040B8B425B
:1033600042F8040BF9D108F120084745DAD8B8F53E
:10337000187F9AD83046FEF71FFF7388834294D097
:1033800092E700000B68002210B5036004460B6A48
:1033900083604B6AC261C37123F0FF03896AC0E98D
:1033A0000432C164FFF7E0F920B92046BDE81040BF
:1033B000FFF76CBF10BD0000F8B503680546012794
:1033C0001C692046FEF7F8FEA070000A6678E070DF
:1033D0002846E96CFFF7C8F920B1022828BF02206F
:1033E000C0B2F8BDA96B2868FFF76EF80028F4D1C9
:1033F000EB6B04F1200254F8041B944243F8041BC5
:10340000F9D12B68DF70002EE7D000212846013E5D
:10341000FFF788FEE0E700002DE9F8434FF0FF08D2
:1034200006460768042445464FF6FF79B16B11B98B
:10343000002C73D063E03846FFF746F804460028B6
:103440005DD1F06B0378002B6ED03A78042A11D14D
:10345000852B4DD1336B3046F364FFF717FF0446DD
:1034600000284CD13B691B7903F03F03B371204620
:10347000BDE8F883C27AE52B02F03F02B27143D077
:103480002E2B41D022F0200108293DD00F2A40D117
:10349000590637D503F0BF05336B90F80D80F36400
:1034A000437B434530D1428B72BB03780D21FC68CE
:1034B00023F04003DFF874E0013B4B4301211EF889
:1034C00001CB30F80CC009B3FF2B1DD824F813C072
:1034D0006146013301320D2AF1D10278520605D539
:1034E00021B1FF2B10D8002224F81320013DEDB2AA
:1034F00000213046FFF716FE0446002896D0002330
:10350000B363B4E7AB42CBD0FF25F1E7CC45E1D0C4
:10351000FAE72DB9FEF740FE404501D10024A6E7A9
:103520004FF0FF33F364A2E70424E8E79493000824
:103530002DE9F04F002187B00446D0F80090FFF746
:1035400013F9804670B999F80030042B33D1D9F8BB
:103550000C00FEF779FF07462046FFF75DFF0546A2
:1035600020B18046404607B0BDE8F08FD9F8103052
:103570009A8CBA42F0D193F823B040265D4506D12B
:10358000D9F80C3033F81530002BE5D1EAE7F10615
:10359000D9F8103008BF0236985B01F04DF8D9F821
:1035A0000C30824633F8150001F046F88245D3D13D
:1035B00002360135E2E74FF0FF0A4FF0FF3B554678
:1035C000C4F84CB0A16B4846FEF77EFF00285CD1E2
:1035D000E66B3778002F77D0F27AE52F02F03F03C1
:1035E000A37103D0120704D50F2B04D0C4F84CB03C
:1035F0004FE00F2B54D194F84B3058063FD4790646
:1036000045D5236B07F0BF0796F80DA0E364737BE5
:1036100053453ED1738B002B3BD135780121D9F82E
:103620000C3005F03F0501930D23013D5D43284B10
:1036300013F8012BB25A71B3FF2D059329D8104608
:10364000049200F0F9FF6B1C03900293019B33F886
:10365000150000F0F1FF039981421AD1049A029DEE
:103660001146059B1B4A9342E2D133785A0604D592
:1036700019B1019B33F815305BB97D1EEDB2002105
:103680002046FFF74FFD00289CD080466AE7BD42E8
:10369000BDD0FF25F3E74FF6FF708242E2D0F8E796
:1036A0002DB93046FEF778FD50453FF45BAF94F8F6
:1036B0004B30DB079AD40B2204F14001304605F071
:1036C0003FFD002892D14DE74FF004084AE700BFC4
:1036D00094930008A19300082DE9F04F90F84BB0A7
:1036E00099B004461BF0A00540F068810668F268B6
:1036F00032F81530002B4AD13378042B40F0878004
:103700000F230E352046B5FBF3F5A91CFFF768FD26
:103710008146002877D1236B0135A3EB4515E3796A
:103720005A07E56435D523F004032046E371FFF71B
:103730007DF950BB4FF0FF32616B2046FFF7E0F898
:1037400018BBA3682BB3214604A8FFF71BFEE0B902
:1037500070894FF40071D4E90423E0FB0123306940
:10376000C4E904233830FEF7EFFC3069D4E90423C0
:103770002830FEF7E9FCE379326904A843F001033D
:1037800082F82130FFF718FE18B181463BE0013581
:10379000AEE7D6E90354402200212046FEF778FB2D
:1037A0008523012140222370C0234FF0C10C04EB7C
:1037B000010884F8203000231E469E46571C04F85A
:1037C00002C0F0B2023204F807E021B135F813105C
:1037D00009B10133DBB20F0AA15408F802700232BA
:1037E000D706F2D135F813700136002FE6D184F8F0
:1037F0002330831C28466370FEF726FE84F82400DD
:10380000000A84F82500484619B0BDE8F08F04F19D
:1038100040070DF1100A1BF0010F97E807008AE836
:10382000070000F0D38040234FF0010884F84B30AC
:10383000BC46F368B8F1050F9AE80700ACE803004E
:103840002CF8022B4FEA12428CF8002059D9981E0E
:10385000424630F8021F002942D10DF10F0C07211A
:1038600002F00F0E914612090EF13000392888BF80
:103870000EF1370001390CF8010902D0B9F10F0F30
:10388000EED818AB7E205A1802F8580C38460022A1
:10389000914206D010F801CB02F1010EBCF1200FCD
:1038A00031D104F13F0C072902F1010297BF18AB97
:1038B00020205818013198BF10F8580C072A0CF82E
:1038C0000200F0D92046FFF733FE8146002878D168
:1038D00008F10108B8F1640FAAD14FF0070992E787
:1038E0004FF0100C01F0010E49080EEB4202D30319
:1038F00044BF82F4883282F02102BCF1010CF1D184
:10390000A7E74246A9E77246C2E7216B2046A1EB32
:103910004511FEF729FF814600287FF474AF4FF66A
:10392000FF783846FEF738FC0190A16B3046FEF771
:10393000CBFD814600287FF466AFE36BE9B2019AC4
:103940004FF00D0CD6F80CE05A734FF00F02DFF871
:10395000E0A0DA724A1E18730CFB02F284469876D5
:10396000D87640451AF8019B0CF1010C18BF3EF8BF
:10397000120003EB090B18BF013203F809004FEAEC
:103980001029002808BF4046BCF10D0F8BF80190AC
:10399000E7D1404502D03EF812200AB941F040017B
:1039A0001970012300212046F370FFF7BBFB81460D
:1039B00000287FF428AF013DB7D11BE04FF0060986
:1039C00021E704287FF41FAF84F84BB01BF0020FEF
:1039D00020461BBF0C350D210125B5FBF1F518BFA5
:1039E00001352946FFF7FCFB814600287FF40BAF29
:1039F000013D8AD1A16B3046FEF766FD8146002865
:103A00007FF401AF01462022E06BFEF741FAE36B41
:103A100003CF18605960BA7839889A72198194F87E
:103A20004B30E26B03F0180313730123F370EAE6E3
:103A30009493000810B504460A463430FEF776FB2E
:103A4000886004F13800FEF773FBC2E9040194F8C2
:103A5000213003F00203D3710023D36110BD0000B5
:103A600003284B8B04BF8A8A43EA024318467047F7
:103A70002DE9F04F0B7899B0044689462F2BD0F8EA
:103A800000B001D05C2B09D14A461378914601322F
:103A90002F2BFAD05C2BF8D0002301E0DBF81C3090
:103AA000A3600023E3619BF80030042B1ED1A368C0
:103AB000E3B1DBF82030214604A82362DBF8243090
:103AC0006362DBF82830A362FFF75CFC0346002842
:103AD00054D1DBF8102002F13800FEF727FBC4E9CF
:103AE000040392F8213003F00203E37199F80030E7
:103AF0001F2B00F2358180230021204684F84B30B3
:103B000019B0BDE8F04FFEF72FBE49460B78894645
:103B100001312F2BFAD05C2BF8D01F2B8CBF002546
:103B20000425012F2FD113882E2B31D1002322F809
:103B3000173004F140029F428CBF2E212021013317
:103B40000B2B02F8011BF6D145F02005204684F826
:103B50004B50FFF7EDFC94F84B30002800F0E78065
:103B600004280BD1990603F0040240F1DC80002AFE
:103B700000F0F6808023002084F84B3019B0BDE8B7
:103B8000F08F0425CDE7022F02D153882E2BCAD007
:103B9000911E87BB002322F81730002F00F01181FF
:103BA00032F81300194601332028F9D009B92E281C
:103BB00001D145F00305901E30F817302E2B01D0AF
:103BC000013FF9D14FF020334FF0000A6364D04633
:103BD0002364C4F847300823481C32F81160009071
:103BE000F6B1202E03D02E2E0DD1B84210D045F0C4
:103BF00003050099F0E731F81730202B01D02E2B68
:103C0000C8D1013FC5E79A4505D20099B9423BD1D9
:103C10000B2B30D101E00B2B27D145F003050B23F3
:103C200094F84020E52A04BF052284F84020082BA0
:103C300004BF4FEA88085FFA88F808F00C030C2BE1
:103C400003D008F00303032B01D145F00205A807B8
:103C50003FF57CAF18F0010F18BF45F0100518F0C4
:103C6000040F18BF45F0080570E70099B94202D06B
:103C700045F00305D4D84FEA88080B234FF0080A13
:103C800000975FFA88F8B4E77F2E15D9304640F2E6
:103C90005231CDE9022345F00203019300F098FC74
:103CA00010F0800F0646DDE9022316D000F07F06F3
:103CB00046498E5D019D46B331464548CDE9012315
:103CC00005F068FADDE90123F8B9A6F1410189B2EE
:103CD00019291ED848F0020810E0FF28EAD9591E19
:103CE0008A4503D345F003059A4682E704EB0A01AF
:103CF000000A0AF1010A019D81F8400004EB0A0163
:103D00000AF1010A81F8406073E745F003055F2678
:103D1000F4E7A6F1610189B219299EBF203E48F05F
:103D20000108B6B2EAE7002A08BF052026E75A07CD
:103D30003FF524AFA379DB0645D59BF800000428A6
:103D400035D1A3682146E27923622369DBF81000AC
:103D500023F0FF0313436362E36CA362FFF76AFE81
:103D600023680027DA6819F8010B00283FF409AF2F
:103D700040F25231009200F04BFC054608B31F2878
:103D8000009A7FF6FEAE2F283FF4BFAE5C283FF4CA
:103D9000BCAE7F2805D801460E4805F0FBF9009A15
:103DA00078B9FF2F0DD022F817500137DBE7216BD0
:103DB0000BF14C03C1F308011944FFF751FEA06059
:103DC000CEE70620DAE60520D8E600BF1493000807
:103DD0000D930008049300081FB5CDE9001003A857
:103DE00014460391FEF700FA002815DB0B4A52F83F
:103DF00020300BB100211970019B0BB1002119700B
:103E000042F820302CB1002201A96846FEF7C8FE16
:103E10000446204604B010BD0B24FAE734360020D7
:103E20002DE9F04798B0904605460191002800F032
:103E3000528102F03F0603A901A83246FEF7B0FE08
:103E4000002840F04681039B4FF48C60049303F0FC
:103E50003DFA0746002800F04081039B00F5007200
:103E60000199D86004A81A61FFF702FE044620B940
:103E70009DF95B30002BB8BF062418F01C0F00F032
:103E8000CD80002C4CD0042C40D104A8FFF724FC9A
:103E9000044600283AD146F00806039B1A78042A03
:103EA00040F08380186929462B60FFF7C3FD039B10
:103EB0001E22002118690230FDF7EAFF039C002151
:103EC0001A2220692630FDF7E3FF236920221A71A8
:103ED000246903F035FA0146012208342046FEF732
:103EE0002BF9039B04A81B6983F82120FFF764FAD0
:103EF000044658B9A96801B302462846FEF718FDE2
:103F0000AB68039A0446013B5361B4B1384603F0F1
:103F1000EDF90CB100232B60204618B0BDE8F08706
:103F20009DF8163013F0110F40F0848018F0040F44
:103F300040F0C98018F0080FAFD1039A31071399E8
:103F4000936C48BF46F04006E964AB6410780428DF
:103F500072D1069B9DF817102B62089B106923F005
:103F6000FF030B4329466B62179BAB62FFF762FDB1
:103F7000DDF80CA00024002205F15008BAF8063044
:103F800021464046C5F800A0AB80002385F830608C
:103F900085F831406C64C5E90E234FF40072FDF7DB
:103FA00077FFB20653D40024B0E703F0C9F9014605
:103FB000009013980E30FEF7BFF813980099163052
:103FC000FEF7BAF8039C13992078FFF749FD2023E8
:103FD00000228046CB7220461399FEF7D1F8139B3E
:103FE000002201211A775A779A77DA77039BD970E2
:103FF000B8F1000FA1D0414604A8D3F84890FEF7CD
:1040000097FC0446002881D149460398FEF75CFAE4
:10401000039B044608F1FF30586176E7002C7FF4DB
:1040200075AF9DF81630DC064FD418F0020F84D01F
:10403000D80782D5072469E7FFF712FD0023A8609F
:1040400001F11C00FEF772F86B61286190E7D5E979
:10405000046956EA0903A6D0BAF80AA0A9684FEA8B
:104060004A2AC5E90E69B24574EB09031BD3002443
:104070002964002C7FF44AAFC6F30803002B92D0CA
:10408000039C2046FEF770F808B3760A01234146E8
:1040900046EAC95682196A64607802F07BFC041E05
:1040A00018BF012432E72846FEF7C6FAB6EB0A0627
:1040B000014669F10009012803D9431CD3D1012429
:1040C000D6E70224D4E7082420E704241EE70224CC
:1040D0001CE704461EE709241EE711241CE7000024
:1040E0002DE9F04F994685B00023884603A9044680
:1040F000C9F800301646FEF791F8054680BB94F8E3
:1041000031506DBB94F8303013F00103009300F090
:10411000A68004F1500AD4E90432D4E90E011B1A36
:1041200062EB0102B34272F1000238BF1E46BEB11B
:10413000D4E90E10C1F30803002B40F08280039BEA
:104140005A894B0A013A43EAC0531A401BD151EA3B
:10415000000309D1A06801280DD8022584F8315048
:10416000284605B0BDE8F08F216C20460192FEF78D
:1041700063FA019AEFE7431C04D10123009D84F800
:104180003130EDE72064DDF80CB0216C5846FDF7C6
:10419000EBFF0028E1D0B6F5007F02EB000731D33A
:1041A000BBF80A1002EB5620730A88429BF8010004
:1041B00088BF8B1A3A464146019302F0EBFB002878
:1041C000DBD194F93020019B002A0BDA606CC01B14
:1041D000984207D24FF40072514608EB4020FDF799
:1041E00031FE019B5F02D9F80030F61BB8443B4416
:1041F000C9F80030D4E90E32DB1942F10002C4E9FB
:104200000E3294E7626CBA421AD094F93030002B27
:104210000DDA012351469BF8010002F0DFFB002874
:10422000ABD194F8303003F07F0384F8303003983A
:1042300001233A465146407802F0ACFB00289CD15D
:104240006764A16B4046C1F30801C1F50077514492
:10425000B74228BF37463A46FDF7F4FDC3E70725C6
:104260007EE7000070B596B00E460022019002A9CC
:1042700001A8FEF795FC0446E0B94FF48C6003F00A
:1042800025F80546D8B1029B00F500720199D86067
:1042900002A81A61FFF7ECFB044640B99DF95330C0
:1042A000002B0ADB1EB1314602A8FDF7EDFF2846C0
:1042B00003F01CF8204616B070BD0624F7E7112461
:1042C000F8E7000070B5B8B00222019003A901A878
:1042D000FEF766FC044608BB039B4FF48C6010930A
:1042E00002F0F4FF0546002866D0039B00F500723B
:1042F0000199D86010A81A61FFF7BAFB044650B9BB
:104300009DF88B30980655D4190653D49DF8463045
:10431000DA0706D50724284602F0E8FF204638B021
:1043200070BD039B04931878042814D104A918695C
:10433000FFF780FB069E9DF84630DB0610D410A8E0
:10434000FEF776FF04460028E5D156BB0398FEF73A
:10435000DBFB0446DFE71F99FFF782FB0646EAE72F
:10436000039BDA69B242D5D024930021269624A873
:104370001B78042B01BFDDE90823CDE928239DF834
:1043800017308DF89730FEF7EFF904460028C2D1B8
:1043900024A8FFF741F804460028BBD00428BAD16E
:1043A000CDE70246314604A8FEF7C2FA04460028CB
:1043B000B1D1CBE70624AEE71124AFE7F0B5BDB02D
:1043C000CDE900106846FDF70FFF022203A901A8FE
:1043D000FEF7E6FB0446002841D1039B4FF48C60B6
:1043E000149302F073FF0546002800F0EE80039B53
:1043F00000F5007214AE0199D8601A613046FFF7DB
:1044000037FB044640BB9DF89B3013F0A00F40F0F3
:10441000D880039B009F1A78042A68D11B6904ACDA
:1044200003F1400C1868083353F8041C2246634516
:1044300003C21446F6D15022314628A8FDF702FDEA
:10444000394628A8FFF714FB044600284CD12A9AC5
:10445000169B9A4206D00824284602F047FF2046C1
:104460003DB0F0BD349A209B9A42F4D128A8FFF7C2
:1044700033F904460028EFD1039B04AF1B6993F87E
:1044800001E093F823C09C8C3A46083303CAB24239
:1044900043F8080C43F8041C1746F5D1039B28A8E1
:1044A0001B6983F801E0039B1A6982F823C01A692B
:1044B00082F82440240A82F825401A691379D90623
:1044C0005CBF43F020031371FEF776FF044600281B
:1044D000C2D13046FEF7ACFE04460028BCD103989A
:1044E000FEF712FB0446B7E70428B5D1BEE7239ACE
:1044F00004AB02F1200C1068083252F8041C1C4670
:10450000624503C42346F6D15022314628A8FDF760
:1045100099FC394628A8FFF7ABFA044600284CD18D
:104520002A9A169B9A4296D1349A209B9A4292D10B
:1045300028A8FFF7D1F8044600288DD137990DF14E
:104540001D030DF12D0001F10D0253F8044B8342C0
:1045500042F8044BF9D11888012710809B7893709A
:104560009DF81B30039CDA0658BF43F02003CB7242
:10457000E770CB7ADB06ACD5169A2A9B9A42A8D074
:104580002078FFF76DFA01462046FDF7EDFD014664
:10459000C8B12046FDF798FF044600287FF45CAFC1
:1045A000039890F86D302E2B93D12A9A00F16C016C
:1045B000FDF7E6FD039BDF708BE704287FF44CAF2B
:1045C000B6E7062448E7022446E7112447E700003F
:1045D0007F2810B501D880B210BDB0F5803F13D24E
:1045E00040F2523399420FD10849002231F8024B70
:1045F00093B2844203D103F18000C0B2ECE70132F0
:10460000802AF3D11346F6E70020E5E75496000828
:104610007F280DD940F25233994208D1FF2806D89D
:1046200000F10040034B803833F810007047002041
:10463000704700BF54960008B0F5803FF0B522D215
:104640001F4A83B21F49B0F5805F28BF0A46141D78
:1046500034F8042C2146AAB1934213D334F8025CF7
:104660002E0AEFB252FA85F5A84222DA082E09D8AE
:10467000DFE806F0050A10121416181A1C00801A3A
:1046800034F810301846F0BD981A00F001001B1ADB
:104690009BB2F7E7103BFBE7203BF9E7303BF7E73E
:1046A0001A3BF5E70833F3E7503BF1E7A3F5E35393
:1046B000EEE70434002ECBD101EB4702C7E700BF81
:1046C000A49300089895000808B5074B074A196895
:1046D00001F03D01996053680BB190689847BDE8BF
:1046E000084003F023B800BF000002403C36002021
:1046F00008B5084B1968890901F03D018A019A60E3
:10470000054AD3680BB110699847BDE8084003F02B
:104710000DB800BF000002403C36002008B5084B31
:104720001968090C01F03D010A049A60054A5369B1
:104730000BB190699847BDE8084002F0F7BF00BF91
:10474000000002403C36002008B5084B1968890D6E
:1047500001F03D018A059A60054AD3690BB1106AE0
:104760009847BDE8084002F0E1BF00BF00000240EA
:104770003C36002008B5074B074A596801F03D0157
:10478000D960536A0BB1906A9847BDE8084002F0BF
:10479000CDBF00BF000002403C36002008B5084BEA
:1047A0005968890901F03D018A01DA60054AD36A36
:1047B0000BB1106B9847BDE8084002F0B7BF00BFCF
:1047C000000002403C36002008B5084B5968090C2F
:1047D00001F03D010A04DA60054A536B0BB1906B9E
:1047E0009847BDE8084002F0A1BF00BF00000240AA
:1047F0003C36002008B5084B5968890D01F03D0191
:104800008A05DA60054AD36B0BB1106C9847BDE896
:10481000084002F08BBF00BF000002403C36002081
:1048200008B5074B074A196801F03D019960536CC0
:104830000BB1906C9847BDE8084002F077BF00BF0D
:10484000000402403C36002008B5084B196889096D
:1048500001F03D018A019A60054AD36C0BB1106DDD
:104860009847BDE8084002F061BF00BF0004024065
:104870003C36002008B5084B1968090C01F03D01D1
:104880000A049A60054A536D0BB1906D9847BDE8D4
:10489000084002F04BBF00BF000402403C3600203D
:1048A00008B5084B1968890D01F03D018A059A6029
:1048B000054AD36D0BB1106E9847BDE8084002F071
:1048C00035BF00BF000402403C36002008B5074B4E
:1048D000074A596801F03D01D960536E0BB1906EE3
:1048E0009847BDE8084002F021BF00BF0004024025
:1048F0003C36002008B5084B5968890901F03D0194
:104900008A01DA60054AD36E0BB1106F9847BDE893
:10491000084002F00BBF00BF000402403C360020FC
:1049200008B5084B5968090C01F03D010A04DA602A
:10493000054A536F0BB1906F9847BDE8084002F0ED
:10494000F5BE00BF000402403C36002008B5084B0D
:104950005968890D01F03D018A05DA60054AD36F77
:1049600013B1D2F880009847BDE8084002F0DEBEDF
:10497000000402403C36002000230C4910B51A46C2
:104980000B4C0B6054F82300026001EB430004332E
:104990004260402BF6D1074A4FF0FF339360D3605B
:1049A000C2F80834C2F80C3410BD00BF3C360020F9
:1049B00054970008000002400F28F8B510D91028BD
:1049C00010D0112811D0122808D10F240720DFF8A9
:1049D000C8E00126DEF80050A04208D9002653E0C6
:1049E0000446F4E70F240020F1E70724FBE706FA6A
:1049F00000F73D424AD1264C4FEA001C3D4304EBF0
:104A000000160EEBC000CEF80050C0E90123FBB247
:104A100073B12048D0F8D83043F00103C0F8D83043
:104A2000D0F8003143F00103C0F80031D0F8003174
:104A300017F47F4F0ED01748D0F8D83043F0020358
:104A4000C0F8D830D0F8003143F00203C0F800318C
:104A5000D0F8003154F80C00036823F01F03036002
:104A6000056815F00105FBD104EB0C033D2493F818
:104A70000CC05F6804FA0CF43C60212405604461BA
:104A800012B1987B00F060FC3046F8BD0130A3E71E
:104A900054970008004402583C36002010B53024DA
:104AA00084F31188FFF788FF002383F3118810BD7A
:104AB00010B50446807B00F05DFC01231549627B44
:104AC00003FA02F20B6823EA0203DAB20B6072B94E
:104AD000114AD2F8D81021F00101C2F8D810D2F84A
:104AE000001121F00101C2F80011D2F8002113F4E5
:104AF0007F4F0ED1084BD3F8D82022F00202C3F822
:104B0000D820D3F8002122F00202C3F80021D3F804
:104B1000003110BD3C3600200044025808B5302357
:104B200083F31188FFF7C4FF002383F3118808BDC6
:104B3000836CC26A8B42506810B506D95A1E4C006D
:104B400002EB4103B3FBF4F3184410BD01F0010381
:104B50008A0748BF43F002034A0748BF43F00803EF
:104B60000A0748BF43F00403CA0648BF43F01003D6
:104B70008A06426B48BF43F02003134343637047E8
:104B800010B5074C204600F061FF064B0022C4E937
:104B90001023054BA364054BE363054BE36410BD91
:104BA000C03600200070005200B4C4041437002046
:104BB00014390020C36A0BB9104BC3620379012B6F
:104BC00011D10F4B98420ED10E4BD3F8D42042F4A2
:104BD0008032C3F8D420D3F8FC2042F48032C3F8EA
:104BE000FC20D3F8FC30436C00221A65DA621A60AC
:104BF0005A605A624FF0FF329A6370475498000827
:104C0000C0360020004402580379012B1BD0436CAE
:104C100000221A65DA621A605A605A624FF0FF3257
:104C20009A63094B98420ED1084BD3F8D42022F452
:104C30008032C3F8D420D3F8FC2022F48032C3F8A9
:104C4000FC20D3F8FC307047C036002000440258E6
:104C500010B5446C0649FFF76BFF6060236842F2B1
:104C6000107043F003032360BDE8104001F0F4BC72
:104C7000801A06000129F8B5466C0B4F09D17568FA
:104C80000A493D40FFF754FF054345F480557560E0
:104C9000F8BD746806493C40FFF74AFF044344F4FA
:104CA00080547460F4E700BF00ECFFFF80F0FA026C
:104CB00040787D01436C00225A601A607047000002
:104CC000426C0129536823F4404304D0022905D0E3
:104CD00001B95360704743F48043FAE743F400435B
:104CE000F7E70000436C41F480519A60D9605A6B39
:104CF0001206FCD580229A637047000010B541F47B
:104D00008851446CA260E160616B11F04502FBD0F8
:104D1000A26311F0040203D0FFF718FF012010BDB9
:104D2000616910461960FAE710B541F48851446C86
:104D3000A260E160616B11F04502FBD0A26311F04B
:104D4000050203D0FFF702FF012010BD6169104684
:104D50001960FAE773B5134604460E46302282F313
:104D60001188426CD26B32B14FF0FF314030019369
:104D700001F07EFC019B606C00220265C263C2628E
:104D8000456B15F4807504D185F31188012002B0BC
:104D900070BD4FF0FF31816382F31188012E06D977
:104DA0000C21204602B0BDE87040FFF7BDBF1046A1
:104DB000EDE7000073B5446C0E4600250192616B6F
:104DC000A1632565E562FFF7C1FE012E07D9019BAE
:104DD0002A460C2102B0BDE87040FFF7A5BF02B023
:104DE00070BD000010B541F49851446CA260E160C0
:104DF000616B11F04502FBD0A26311F03F0203D0BA
:104E0000FFF7A4FE012010BD216A10461960E16978
:104E10005960A16999606169D960F4E72DE9F743A8
:104E200004460191006D01A91746984602F0A6FBC1
:104E3000064600284AD0626C2046DDF8049055688A
:104E4000C5F3090501356B00A56CB5FBF3F54FF40F
:104E50007A73B5FBF3F55D43556200F0BDFD50BBC1
:104E6000636C4FF0FF3201254146C3F8589020464D
:104E70001D659A634FF49572DA6342F207029F62EE
:104E8000DA62E36C0A9AFFF74FFFA0B9E26C104BAD
:104E900011680B407BB929462046FFF75BFF0546AA
:104EA00048B92E463A460199206D02F09FFB3046E4
:104EB00003B0BDE8F0833A460199206D02F096FBFD
:104EC000E26C01212046FFF775FFF0E70126EEE7CF
:104ED00008E0FFFD2DE9F7431F46436C01924FF4B4
:104EE0007A725D6804468846C5F3090501356E008F
:104EF000856CB5FBF6F5B5FBF2F555435D6200F048
:104F00006BFD20B10125284603B0BDE8F0837E0289
:104F100001A9206D324602F031FB05460028F1D090
:104F2000636C019AD4F84C909A6501221A654FF08F
:104F3000FF329A634FF49572DA639E62236BDB064D
:104F40004B4658BF4FEA4828012F42461BD9122131
:104F50002046FFF7E9FEC0B9D9F80020104B1340F6
:104F60009BB9636C42F2930239462046DA62E26CE6
:104F7000FFF7F0FE804640B932460199206D454664
:104F800002F034FBBFE71121E2E732460199206DC0
:104F900002F02CFBE26C39462046FFF70BFFB2E72C
:104FA00008E0FFFD2DE9F3411F46436C01924FF4E9
:104FB0007A725D6804468846C5F3090501356E00BE
:104FC000856CB5FBF6F5B5FBF2F555435D6200F077
:104FD00003FD20B10125284602B0BDE8F0817E0224
:104FE00001A9206D324602F00FFB05460028F1D0E2
:104FF000636C019A9A6501221A654FF0FF329A6339
:105000004FF48D72DA639E62236BE66CDB063346E7
:1050100058BF4FEA4828012F424619D91921204686
:10502000FFF782FEB0B932680F4B134093B9636C3F
:1050300042F2910239462046DA62E26CFFF78AFEBC
:10504000064638B901993546206D02F019FBC2E7D2
:105050001821E4E70199206D02F012FBE26C394659
:105060002046FFF7A7FEB6E708E0FFFD12F0030FAA
:105070002DE9F04107460C4615461E4617D00E4452
:10508000B44202D10020BDE8F0810123FA6B214631
:105090003846FFF71FFF0028F5D128464FF400726D
:1050A000F96B05F500750134FCF7CCFEE8E7BDE8C7
:1050B000F041FFF70FBF000012F0030F2DE9F041A0
:1050C00007460C4615461E4617D00E44B44202D180
:1050D0000020BDE8F08129464FF40072F86B05F519
:1050E0000075FCF7AFFE0123FA6B21463846FFF747
:1050F00059FF0028EDD10134E8E7BDE8F041FFF7A2
:1051000051BF000000207047302310B583F3118891
:105110000024436C40302146DC6301F0B7FA84F38D
:10512000118810BD026843681143016003B118473C
:1051300070470000024A136843F0C00313607047D1
:105140000078004013B50E4C204600F0DFFC04F15F
:10515000140000234FF400720A49009400F07AF919
:10516000094B4FF40072094904F13800009400F033
:10517000F3F9074A074BC4E9172302B010BD00BF7B
:10518000183900208439002035510008843B002064
:105190000078004000E1F505037C30B5244C00297F
:1051A00018BF0C46012B11D1224B98420ED1224B35
:1051B000D3F8E82042F08042C3F8E820D3F8102169
:1051C00042F08042C3F81021D3F810312268036EF8
:1051D000C16D03EB52038466B3FBF2F362681504FE
:1051E00042BF23F0070503F0070343EA4503CB6002
:1051F000A36843F040034B60E36843F001038B6016
:1052000042F4967343F001030B604FF0FF330B62DF
:10521000510505D512F0102205D0B2F1805F04D0FF
:1052200080F8643030BD7F23FAE73F23F8E700BF02
:105230005C98000818390020004402582DE9F04716
:10524000C66D05463768F469210734621AD014F038
:10525000080118BF4FF48071E20748BF41F02001F8
:10526000A3074FF0300348BF41F04001600748BF3B
:1052700041F0800183F31188281DFFF753FF0023BD
:1052800083F31188E2050AD5302383F311884FF4A4
:105290008061281DFFF746FF002383F311884FF03C
:1052A00030094FF0000A14F0200838D13B0616D51B
:1052B0004FF0300905F1380A200610D589F311881E
:1052C000504600F07DF9002836DA0821281DFFF746
:1052D00029FF27F080033360002383F311887906C8
:1052E00014D5620612D5302383F31188D5E9132330
:1052F0009A4208D12B6C33B127F040071021281DAA
:10530000FFF710FF3760002383F31188E30618D5F9
:10531000AA6E1369ABB15069BDE8F047184789F32D
:105320001188736A284695F86410194000F008FC4B
:105330008AF31188F469B6E7B06288F31188F469DA
:10534000BAE7BDE8F0870000090100F160430122DF
:1053500003F56143C9B283F8001300F01F039A40BC
:1053600043099B0003F1604303F56143C3F88021C7
:105370001A60704700F01F0301229A40430900F1B0
:1053800060409B0000F5614003F1604303F5614319
:10539000C3F88020C3F88021002380F800337047D1
:1053A000F8B51546826804460B46AA4200D28568C5
:1053B000A1692669761AB5420BD218462A46FCF72F
:1053C00041FDA3692B44A3612846A3685B1BA3602E
:1053D000F8BD0CD9AF1B18463246FCF733FD3A46F0
:1053E000E1683044FCF72EFDE3683B44EBE71846E8
:1053F0002A46FCF727FDE368E5E70000836893424F
:10540000F7B50446154600D28568D4E90460361A1B
:10541000B5420BD22A46FCF715FD63692B44636144
:105420002846A3685B1BA36003B0F0BD0DD93246CC
:10543000AF1B0191FCF706FD01993A46E068314443
:10544000FCF700FDE3683B44E9E72A46FCF7FAFC79
:10545000E368E4E710B50A440024C361029B84605A
:10546000C16002610362C0E90000C0E9051110BD1E
:1054700008B5D0E90532934201D1826882B98268C9
:10548000013282605A1C426119700021D0E9043255
:105490009A4224BFC368436101F012F9002008BD9D
:1054A0004FF0FF30FBE7000070B5302304460E4696
:1054B00083F31188A568A5B1A368A269013BA36025
:1054C000531CA36115782269934224BFE368A3614A
:1054D000E3690BB120469847002383F311882846DF
:1054E00007E03146204601F0DBF80028E2DA85F3D8
:1054F000118870BD2DE9F74F04460E4617469846B1
:10550000D0F81C904FF0300A8AF311884FF0000B4E
:10551000154665B12A4631462046FFF741FF03464E
:1055200060B94146204601F0BBF80028F1D00023C5
:1055300083F31188781B03B0BDE8F08FB9F1000F39
:1055400003D001902046C847019B8BF31188ED1AC8
:105550001E448AF31188DCE7C160C361009B82604E
:105560000362C0E905111144C0E900000161704700
:10557000F8B504460D461646302383F31188A76814
:10558000A7B1A368013BA36063695A1C62611D70E7
:10559000D4E904329A4224BFE3686361E3690BB142
:1055A00020469847002080F3118807E031462046C6
:1055B00001F076F80028E2DA87F31188F8BD0000E0
:1055C000D0E9052310B59A4201D182687AB9826880
:1055D0000021013282605A1C82611C7803699A4260
:1055E00024BFC368836101F06BF8204610BD4FF003
:1055F000FF30FBE72DE9F74F04460E461746984665
:10560000D0F81C904FF0300A8AF311884FF0000B4D
:10561000154665B12A4631462046FFF7EFFE0346A0
:1056200060B94146204601F03BF80028F1D0002344
:1056300083F31188781B03B0BDE8F08FB9F1000F38
:1056400003D001902046C847019B8BF31188ED1AC7
:105650001E448AF31188DCE70379052B05BF836AB2
:10566000002001204B6004BF4FF400730B607047B3
:1056700070B55D1E866A04460D44B54205D9436B7C
:1056800043F080034363012070BD06250571FFF7D9
:10569000EDFC05232371F7E770B55D1E866A0446AD
:1056A0000D44B54205D9436B43F0800343630120A9
:1056B00070BD07250571FFF7FFFC05232371F7E790
:1056C00038B505790446052D05D108230371FFF788
:1056D00019FD257138BD0120FCE700000323F0B55A
:1056E000037185B00446FFF7B3FA00222046114645
:1056F000FFF7F8FA4FF4D57203AB08212046FFF705
:1057000013FB0246B8B901232363039BC3F30323AE
:10571000012B09D103AB37212046FFF705FB18B950
:10572000A44B039A1340ABB120460125FFF7C2FA00
:105730000223237137E103AB002237212046FFF714
:10574000F3FA28B99B4A039B1A40002A00F0A7806D
:1057500002232363236B03F00F03022B40F0A98085
:105760006425954E42F2107000F076FF03AB32468E
:1057700001212046FFF7C2FA0028D5D1039B002B58
:1057800080F293805A0003D5236B43F01003236308
:10579000002204F1080302212046FFF723FB024602
:1057A0000028C1D104F1380303212046FFF7BCFAD9
:1057B0000028B9D104F11805A26B092120462B4617
:1057C000FFF710FB0028AFD102ABA26B07212046E8
:1057D000FFF7AAFA06460028A6D1236B03F00F03B1
:1057E000022B40F08F807E227F21284603F0F0F9C3
:1057F000012840F28780E76B42F2107000F02CFF26
:1058000008234FF40072394620460096FFF706FB46
:10581000002889D1384603F029FA236BA06203F0EF
:105820000F03022B72D103AB644A06212046FFF717
:105830007BFA002871D15F49039B1940B1FA81F1CD
:1058400049092046FFF716FA02AB4FF40072102107
:105850002046FFF769FA054600287FF465AF554EEC
:10586000029B33427FF460AF236B13F00E0F03F003
:105870000F0273D0022A7FF457AFE36A1978012927
:1058800000F09480022900F09380002900F08980C4
:105890004B4F2046FFF714FA03AB3A4676E0114629
:1058A00020462263FFF71EFA54E7013D7FF45AAF0A
:1058B0003AE7444D6426444A3E4F012B18BF154633
:1058C00003AB002237212046FFF72EFA00287FF491
:1058D0002BAF039B3B427FF427AF03AB2A46292122
:1058E0002046FFF70BFA00287FF41EAF039B002B26
:1058F000FFF648AF013E3FF417AF42F2107000F0E0
:10590000ABFEDDE7284603F085F986E77E227F219E
:105910002846E66B03F05CF908B9002191E7002303
:1059200040223146204600930623FFF777FA0028ED
:10593000F3D1B3895BBA9B07EFD5244B40223146A4
:10594000204600930623FFF769FA0028E5D1317C51
:1059500001F00F010F3918BF012172E7E36A1978CE
:10596000F9B101297FF4E0AE2046FFF7A9F903ABB6
:10597000A26B37212046FFF7D7F900287FF4D4AE79
:10598000039B33427FF4D0AE03AB022206212046B4
:10599000FFF7CAF900287FF4C7AE039B33427FF4B8
:1059A000C3AE05232371284605B0F0BD084F70E74C
:1059B000084F6EE708E0FFFD0080FFC00001B9035B
:1059C0000000B7030080FF5000001080F1FFFF804F
:1059D0000001B7030002B70337B504460C4D01AB15
:1059E000A26B0D212046FFF79FF978B9019B2B424E
:1059F0000BD1C3F34323042B08D0053B022B04D85F
:105A00004FF47A7000F028FEE9E7012003B030BDC2
:105A100008E0FFFD70B53023054683F31188037954
:105A20000024022B03D184F31188204670BD042387
:105A3000037184F311880226FFF7CEFF044628463F
:105A4000FFF738F92E71F0E7FFF79AB8044B0360BF
:105A50000123037100234363C0E90A33704700BF89
:105A60007498000810B53023044683F31188C1628E
:105A7000FFF7A0F802230020237180F3118810BDE6
:105A800010B53023044683F31188FFF7BDF80023D7
:105A90000122E362227183F3118810BD026843681A
:105AA0001143016003B11847704700001430FFF73D
:105AB00021BD00004FF0FF331430FFF71BBD000085
:105AC0003830FFF797BD00004FF0FF333830FFF755
:105AD00091BD00001430FFF7E7BC00004FF0FF312C
:105AE0001430FFF7E1BC00003830FFF741BD000083
:105AF0004FF0FF323830FFF73BBD0000012914BFE3
:105B00006FF0130000207047FFF71CBB044B0360CD
:105B100000234360C0E9023301230374704700BFD0
:105B20009898000810B53023044683F31188FFF7D6
:105B300033FB02230020237480F3118810BD000082
:105B400038B5C36904460D461BB904210844FFF764
:105B5000A5FF294604F11400FFF78AFC002806DAA5
:105B6000201D4FF40061BDE83840FFF797BF38BDF6
:105B7000026843681143016003B118477047000091
:105B800013B5406B00F58054D4F8A4381A68117826
:105B9000042914D1017C022911D119790123128918
:105BA0008B4013420BD101A94C3002F03FFFD4F8D7
:105BB000A4480246019B2179206800F0DFF902B079
:105BC00010BD0000143002F0C1BE00004FF0FF33E2
:105BD000143002F0BBBE00004C3002F093BF000056
:105BE0004FF0FF334C3002F08DBF0000143002F054
:105BF0008FBE00004FF0FF31143002F089BE00006C
:105C00004C3002F05FBF00004FF0FF324C3002F02A
:105C100059BF00000020704710B500F58054D4F83B
:105C2000A4381A681178042917D1017C022914D1EB
:105C30005979012352898B4013420ED1143002F05E
:105C400021FE024648B1D4F8A4484FF4407361796C
:105C50002068BDE8104000F07FB910BD406BFFF731
:105C6000DBBF0000704700007FB5124B0125042602
:105C7000044603600023057400F184024360294652
:105C8000C0E902330C4B0290143001934FF440737F
:105C9000009602F0D3FD094B04F69442294604F124
:105CA0004C000294CDE900634FF4407302F09AFE79
:105CB00004B070BDC09800085D5C0008815B0008FE
:105CC0000A68302383F311880B790B3342F82300E1
:105CD0004B79133342F823008B7913B10B3342F81D
:105CE000230000F58053C3F8A41802230374002096
:105CF00080F311887047000038B5037F044613B164
:105D000090F85430ABB90125201D0221FFF730FF78
:105D100004F114006FF00101257700F0DDFC04F1BF
:105D20004C0084F854506FF00101BDE8384000F099
:105D3000D3BC38BD10B5012104460430FFF718FF6D
:105D40000023237784F8543010BD000038B5044692
:105D50000025143002F08AFD04F14C00257702F092
:105D600059FE201D84F854500121FFF701FF204601
:105D7000BDE83840FFF750BF90F8803003F0600373
:105D8000202B06D190F881200023212A03D81F2A36
:105D900006D800207047222AFBD1C0E91D3303E05A
:105DA000034A426707228267C3670120704700BF2A
:105DB0003C22002037B500F58055D5F8A4381A6884
:105DC000117804291AD1017C022917D119790123EC
:105DD00012898B40134211D100F14C04204602F08D
:105DE000D9FE58B101A9204602F020FED5F8A448FA
:105DF0000246019B2179206800F0C0F803B030BD55
:105E000001F10B03F0B550F8236085B004460D4650
:105E1000FEB1302383F3118804EB8507301D082180
:105E2000FFF7A6FEFB6806F14C005B691B681BB11F
:105E3000019002F009FE019803A902F0F7FD024665
:105E400048B1039B2946204600F098F8002383F3CD
:105E5000118805B0F0BDFB685A691268002AF5D0B8
:105E60001B8A013B1340F1D104F18002EAE70000F4
:105E7000133138B550F82140ECB1302383F3118849
:105E800004F58053D3F8A4281368527903EB8203F6
:105E9000DB689B695D6845B104216018FFF768FE07
:105EA000294604F1140002F0F7FC2046FFF7B4FE87
:105EB000002383F3118838BD7047000001F034BD22
:105EC00001234022002110B5044600F8303BFBF7C7
:105ED000DFFF0023C4E9013310BD000010B53023FB
:105EE000044683F311882422416000210C30FBF723
:105EF000CFFF204601F03AFD02230020237080F3FB
:105F0000118810BD70B500EB8103054650690E463F
:105F10001446DA6018B110220021FBF7B9FFA0691E
:105F200018B110220021FBF7B3FF31462846BDE827
:105F3000704001F021BE000083682022002103F0A0
:105F4000011310B5044683601030FBF7A1FF204613
:105F5000BDE8104001F09CBEF0B4012500EB8104C7
:105F600047898D40E4683D43A4694581236000234F
:105F7000A2606360F0BC01F0B9BE0000F0B401257E
:105F800000EB810407898D40E4683D436469058125
:105F900023600023A2606360F0BC01F02FBF00000B
:105FA00070B5022300250446242203702946C0F858
:105FB00088500C3040F8045CFBF76AFF204684F8F8
:105FC000705001F06DFD63681B6823B129462046BF
:105FD000BDE87040184770BD0378052B10B5044626
:105FE0000AD080F88C300523037043681B680BB11E
:105FF000042198470023A36010BD00000178052903
:1060000006D190F88C20436802701B6803B11847D2
:106010007047000070B590F87030044613B100234B
:1060200080F8703004F18002204601F055FE63686C
:106030009B68B3B994F8803013F0600535D0002127
:10604000204602F047F90021204602F037F9636844
:106050001B6813B1062120469847062384F8703048
:1060600070BD204698470028E4D0B4F88630A26F6F
:106070009A4288BFA36794F98030A56F002B4FF038
:10608000300380F20381002D00F0F280092284F8B1
:10609000702083F3118800212046D4E91D23FFF7E7
:1060A0006DFF002383F31188DAE794F8812003F071
:1060B0007F0343EA022340F20232934200F0C5809C
:1060C00021D8B3F5807F48D00DD8012B3FD0022BCB
:1060D00000F09380002BB2D104F1880262670222A3
:1060E000A267E367C1E7B3F5817F00F09B80B3F55A
:1060F000407FA4D194F88230012BA0D1B4F888302D
:1061000043F0020332E0B3F5006F4DD017D8B3F57A
:10611000A06F31D0A3F5C063012B90D863682046EF
:1061200094F882205E6894F88310B4F88430B04705
:10613000002884D0436863670368A3671AE0B3F557
:10614000106F36D040F6024293427FF478AF5C4B3A
:1061500063670223A3670023C3E794F88230012B0F
:106160007FF46DAFB4F8883023F00203A4F88830D0
:10617000C4E91D55E56778E7B4F88030B3F5A06F42
:106180000ED194F88230204684F88A3001F0E6FC83
:1061900063681B6813B101212046984703232370CD
:1061A0000023C4E91D339CE704F18B0363670123DB
:1061B000C3E72378042B10D1302383F311882046C2
:1061C000FFF7BAFE85F311880321636884F88B50CA
:1061D00021701B680BB12046984794F88230002B41
:1061E000DED084F88B300423237063681B68002B97
:1061F000D6D0022120469847D2E794F88430204632
:106200001D0603F00F010AD501F058FD012804D046
:1062100002287FF414AF2B4B9AE72B4B98E701F041
:106220003FFDF3E794F88230002B7FF408AF94F839
:10623000843013F00F01B3D01A06204602D502F0C5
:1062400061F8ADE702F052F8AAE794F88230002B2B
:106250007FF4F5AE94F8843013F00F01A0D01B0644
:10626000204602D502F036F89AE702F027F897E7C1
:10627000142284F8702083F311882B462A4629467D
:106280002046FFF769FE85F31188E9E65DB1152226
:1062900084F8702083F3118800212046D4E91D235F
:1062A000FFF75AFEFDE60B2284F8702083F3118875
:1062B0002B462A4629462046FFF760FEE3E700BF4B
:1062C000F0980008E8980008EC98000838B590F8B5
:1062D00070300446002B3ED0063BDAB20F2A34D889
:1062E0000F2B32D8DFE803F0373131082232313159
:1062F0003131313131313737856FB0F886309D42D9
:1063000014D2C3681B8AB5FBF3F203FB12556DB9B7
:10631000302383F311882B462A462946FFF72EFEA9
:1063200085F311880A2384F870300EE0142384F872
:106330007030302383F31188002320461A46194613
:10634000FFF70AFE002383F3118838BDC36F03B142
:1063500098470023E7E70021204601F0BBFF00211A
:10636000204601F0ABFF63681B6813B1062120468D
:1063700098470623D7E7000010B590F87030044620
:10638000142B29D017D8062B05D001D81BB110BD6E
:10639000093B022BFBD80021204601F09BFF002186
:1063A000204601F08BFF63681B6813B1062120466D
:1063B0009847062319E0152BE9D10B2380F870309C
:1063C000302383F3118800231A461946FFF7D6FDC0
:1063D000002383F31188DAE7C3689B695B68002BAD
:1063E000D5D1C36F03B19847002384F87030CEE74E
:1063F0000023826880F8243083691B689968914281
:10640000FBD25A6803604260106058607047000019
:106410000023826880F8243083691B689968914260
:10642000FBD85A68036042601060586070470000F3
:1064300008B50846302383F3118891F82430032BE4
:1064400005D0042B0DD02BB983F3118808BD8B6ABE
:1064500000221A604FF0FF338362FFF7C9FF002369
:10646000F2E7D1E9003213605A60F3E7034610B552
:106470001B68984203D09C688A689442F8D25A6894
:106480000B604A601160596010BD0000FFF7B0BF9B
:10649000064BD96881F824001868026853601A60B6
:1064A0000122D86080F82420F9F7ACBF883D002095
:1064B0000C4B30B5DD684B1C87B004460FD02B4623
:1064C000094A684600F09CF92046FFF7E1FF009B6F
:1064D00013B1684600F09EF9A86A07B030BDFFF717
:1064E000D7FFF9E7883D002031640008044B1A68A3
:1064F000DB6890689B68984294BF00200120704739
:10650000883D0020094B10B51C68D868226853608C
:106510001A600122DC6084F82420FFF779FF01462D
:106520002046BDE81040F9F76DBF00BF883D002050
:10653000044B1A68DB6892689B689A4201D9FFF79E
:10654000E1BF7047883D002038B50123084C002585
:106550002370656002F0B8FB02F0DEFB05490648D7
:1065600002F0B4FC0223237085F3118838BD00BF0C
:1065700030400020F8980008883D002000F080B9E5
:10658000034A516853685B1A9842FBD8704700BFB2
:10659000001000E08B604B630023CA6100F1280209
:1065A0000B6302230A618B840123886181F8263002
:1065B00001F11003C26A4A611360C36201F12C0346
:1065C0000846CB6270470000D0E90131026841F80B
:1065D000183CA1F19C033839CB60036941F8243C95
:1065E000436941F8203C034B41F8043CC36802482E
:1065F000FFF7D0BF1D040008883D002008B5FFF755
:10660000E3FFBDE80840FFF741BF000038B50E4B7F
:10661000DC6804F12C05A062E06AA8420FD194F86E
:1066200026303BB994F825309B0702BFD4E90432E9
:1066300013605A600F20BDE83840FFF729BF036898
:10664000E362FFF723FFE7E7883D0020302383F371
:106650001188FFF7DBBF000008B50146302383F344
:1066600011880820FFF724FF002383F3118808BD59
:10667000054BDB6821B1036098620320FFF718BF68
:106680004FF0FF30704700BF883D002003682BB1FA
:106690000022026018469962FFF7F8BE70470000BA
:1066A000064BDB6839B1426818605A60136043607A
:1066B0000420FFF7FDBE4FF0FF307047883D0020FB
:1066C0000368984206D01A680260506018469962C2
:1066D000FFF7DCBE7047000038B504460D46206861
:1066E000844200D138BD036823605C608562FFF797
:1066F000CDFEF4E7036810B59C68A2420CD85C6834
:106700008A600B604C602160596099688A1A9A60AF
:106710004FF0FF33836010BD121B1B68ECE70000D5
:106720000A2938BF0A2170B504460D460A266019A9
:1067300002F0C4FA02F0ACFA041BA54203D8751C9F
:1067400004462E46F3E70A2E04D90120BDE8704026
:1067500002F084BC70BD0000F8B5144B0D460A2A47
:106760004FF00A07D96103F11001826038BF0A2295
:10677000416019691446016048601861A81802F068
:106780008DFA02F085FA431B0646A34206D37C1C11
:1067900028192746354602F091FAF2E70A2F04D964
:1067A0000120BDE8F84002F059BCF8BD883D00204A
:1067B000F8B506460D4602F06BFA0F4A134653F839
:1067C000107F9F4206D12A4601463046BDE8F84078
:1067D000FFF7C2BFD169BB68441A2C1928BF2C46E9
:1067E000A34202D92946FFF79BFF224631460348C0
:1067F000BDE8F840FFF77EBF883D0020983D0020AF
:10680000C0E90323002310B45DF8044B4361FFF794
:10681000CFBF000010B5194C236998420DD0816894
:10682000D0E9003213605A609A680A449A600023E3
:1068300003604FF0FF33A36110BD0268234643F8A5
:10684000102F53600022026022699A4203D1BDE8F2
:10685000104002F02DBA936881680B44936002F0F7
:1068600017FA2269E1699268441AA242E4D91144F4
:10687000BDE81040091AFFF753BF00BF883D002054
:106880002DE9F047DFF8BC8008F110072C4ED8F84E
:10689000105002F0FDF9D8F81C40AA68031B9A4278
:1068A0003ED814444FF00009D5E90032C8F81C4026
:1068B00013605A60C5F80090D8F81030B34201D187
:1068C00002F0F6F989F31188D5E903312846984793
:1068D000302383F311886B69002BD8D002F0D8F9EC
:1068E0006A69A0EB040982464A450DD2022002F0F3
:1068F000B5FB0022D8F81030B34208D151462846E3
:10690000BDE8F047FFF728BF121A2244F2E712EB66
:1069100009092946384638BF4A46FFF7EBFEB5E776
:10692000D8F81030B34208D01444C8F81C00211A1B
:10693000A960BDE8F047FFF7F3BEBDE8F08700BFF0
:10694000983D0020883D002038B502F0A1F9054AA5
:10695000D2E90845031B181945F10001C2E90801F5
:1069600038BD00BF883D002010B560B907480479E4
:106970000368053C9B6818BF0124984708B144F0A0
:106980000404204610BD0124FBE700BFC0360020F0
:10699000FFF7EABF2DE9F047884617469A460446B6
:1069A000B0B90D4E3579052D05D003240DE0013D1C
:1069B00015F0FF050ED03268534639463046D2F8FE
:1069C00014904246C8470028F1D12046BDE8F08720
:1069D0000424FAE70124F8E7C03600202DE9F04747
:1069E000884617469A460446B0B90D4E3579052DAE
:1069F00005D003240DE0013D15F0FF050ED03268EF
:106A0000534639463046D2F818904246C8470028C7
:106A1000F1D12046BDE8F0870424FAE70124F8E725
:106A2000C036002037B50C46154670B951B1012962
:106A30000BD10748694603681B6A984710B9019B48
:106A400004462B60204603B030BD0424FAE700BFA3
:106A5000C036002000207047FEE7000070470000AD
:106A60004FF0FF30704700004B6843608B688360D5
:106A7000CB68C3600B6943614B6903628B694362F6
:106A80000B6803607047000008B53C4B40F2FF7193
:106A90003B48D3F888200A43C3F88820D3F88820DD
:106AA00022F4FF6222F00702C3F88820D3F888207E
:106AB000D3F8E0200A43C3F8E020D3F808210A43C2
:106AC000C3F808212F4AD3F808311146FFF7CCFF4D
:106AD00000F5806002F11C01FFF7C6FF00F5806041
:106AE00002F13801FFF7C0FF00F5806002F15401A8
:106AF000FFF7BAFF00F5806002F17001FFF7B4FF05
:106B000000F5806002F18C01FFF7AEFF00F58060B8
:106B100002F1A801FFF7A8FF00F5806002F1C401AF
:106B2000FFF7A2FF00F5806002F1E001FFF79CFF94
:106B300000F5806002F1FC01FFF796FF02F58C7111
:106B400000F58060FFF790FF01F074FC0E4BD3F866
:106B5000902242F00102C3F89022D3F8942242F02E
:106B60000102C3F894220522C3F898204FF0605226
:106B7000C3F89C20054AC3F8A02008BD0044025871
:106B8000000002580C99000800ED00E01F00080307
:106B900008B501F03FFEFFF7D7FC104BD3F8DC201F
:106BA00042F04002C3F8DC20D3F8042122F0400276
:106BB000C3F80421D3F80431094B1A6842F00802E3
:106BC0001A601A6842F004021A6000F061FD00F0D9
:106BD00041FBBDE8084000F0B5B800BF00440258D2
:106BE00000180248012070470020704770470000DD
:106BF00002290CD0032904D00129074818BF00201E
:106C00007047032A05D8054800EBC20070470448C6
:106C100070470020704700BF0C9B00084C220020EA
:106C2000C09A000870B59AB005460846144601A9F6
:106C300000F0C2F801A8FBF723F9431C0022C6B2FA
:106C40005B001046C5E9003423700323023404F8C6
:106C5000013C01ABD1B202348E4201D81AB070BDF2
:106C600013F8011B013204F8010C04F8021CF1E7CF
:106C700008B5302383F311880348FFF79BF80023FE
:106C800083F3118808BD00BF3840002090F88030A1
:106C900003F01F02012A07D190F881200B2A03D1AB
:106CA0000023C0E91D3315E003F06003202B08D159
:106CB000B0F884302BB990F88120212A03D81F2AFC
:106CC00004D8FFF759B8222AEBD0FAE7034A426703
:106CD00007228267C3670120704700BF432200205C
:106CE00007B5052917D8DFE801F01916031919208F
:106CF000302383F31188104A01210190FFF702F934
:106D0000019802210D4AFFF7FDF80D48FFF71EF824
:106D1000002383F3118803B05DF804FB302383F371
:106D200011880748FEF7E8FFF2E7302383F3118864
:106D30000348FEF7FFFFEBE7609A0008849A00081B
:106D40003840002038B50C4D0C4C2A460C4904F153
:106D50000800FFF767FF05F1CA0204F110000949B6
:106D6000FFF760FF05F5CA7204F118000649BDE897
:106D70003840FFF757BF00BF105900204C220020B9
:106D8000409A00084A9A0008559A000870B50446CF
:106D900008460D46FBF774F8C6B220460134037866
:106DA0000BB9184670BD32462946FBF755F8002846
:106DB000F3D10120F6E700002DE9F84F05460C4617
:106DC000FBF75EF82C49C6B22846FFF7DFFF08B193
:106DD0000236F6B229492846FFF7D8FF08B1103627
:106DE000F6B2632E0DD8DFF89080DFF89090244F34
:106DF000DFF894A0DFF894B02E7846B92670BDE88D
:106E0000F88F29462046BDE8F84F02F0D1B9252E6B
:106E10002ED1072241462846FBF71EF870B9DBF851
:106E200000300735093444F8093CDBF8043044F8F5
:106E3000053C9BF8083004F8013CDDE70822494690
:106E40002846FBF709F898B9A21C0E4B19780232B4
:106E50000909C95D02F8041C13F8011B01F00F01B8
:106E60005345C95D02F8031CF0D118340835C3E757
:106E7000013504F8016BBFE72C9B0008559A000808
:106E80003E9B000800E8F11F0CE8F11F349B00084E
:106E9000BFF34F8F044B1A695107FCD1D3F810216F
:106EA0005207F8D1704700BF0020005208B50D4BC3
:106EB0001B78ABB9FFF7ECFF0B4BDA68D10704D5B1
:106EC0000A4A5A6002F188325A60D3F80C21D2077C
:106ED00006D5064AC3F8042102F18832C3F804211A
:106EE00008BD00BF6E5B00200020005223016745F3
:106EF00008B5114B1B78F3B9104B1A69510703D52C
:106F0000DA6842F04002DA60D3F81021520705D562
:106F1000D3F80C2142F04002C3F80C21FFF7B8FF70
:106F2000064BDA6842F00102DA60D3F80C2142F035
:106F30000102C3F80C2108BD6E5B00200020005246
:106F40000F289ABF00F580604004002070470000C1
:106F50004FF4003070470000102070470F2808B52C
:106F60000BD8FFF7EDFF00F500330268013204D1C2
:106F700004308342F9D1012008BD0020FCE7000065
:106F80000F2838B505463FD8FFF782FF1F4CFFF7A3
:106F90008DFF4FF0FF3307286361C4F814311DD80B
:106FA0002361FFF775FF030243F02403E360E36806
:106FB00043F08003E36023695A07FCD42846FFF7B7
:106FC00067FFFFF7BDFF4FF4003100F09BFA284642
:106FD000FFF78EFFBDE83840FFF7C0BFC4F810319F
:106FE000FFF756FFA0F108031B0243F02403C4F887
:106FF0000C31D4F80C3143F08003C4F80C31D4F8D0
:1070000010315B07FBD4D9E7002038BD00200052C7
:107010002DE9F84F04460D46104644EA0203DE0609
:1070200002D00020BDE8F88F20F01F00DFF8D4B0B8
:10703000DFF8D4A0FFF73AFF05EB0008454503D180
:107040000120FFF755FFEDE720222946204602F0F8
:1070500077F810B920342035F0E7234604F12002F8
:107060001F68791CDDD104339342F9D104F17843D0
:107070002048214EB3F5801F204B38BF184603F13E
:10708000F80332BFD946D1461E46FFF701FF07601D
:10709000A4EB050C336805F11C0143F002033360D7
:1070A0002B1FD9F8007017F00507FAD153F8042FF9
:1070B0008B424CF80320F4D1BFF34F8FFFF7E8FE6B
:1070C0004FF0FF330360336823F002033360BFF3F4
:1070D0004F8F0B4BC3F85C42BFF34F8FBFF36F8FE3
:1070E00020222946204602F02BF80028B2D038464C
:1070F000A7E700BF142100520C20005214200052B8
:1071000000ED00E0102000521021005210B5084C94
:10711000237828B11BB9FFF7C9FE0123237010BDE6
:10712000002BFCD02070BDE81040FFF7E1BE00BF8F
:107130006E5B00202DE9F04F0D4685B0814658B1B9
:1071400011F00D0614BF2022082211F0080301934C
:1071500004D0431E034269D0002435E0002E37D00E
:1071600009F11F0121F01F094FF00108314F05F00F
:107170000403DFF8CCA005EA080BBBF1000F32D006
:107180007869C0072FD408F101080C37B8F1060F51
:10719000F3D19EB9284D4946A819019201F0DEFDB0
:1071A0000446002839D12036019AA02EF3D1494651
:1071B00001F0D4FD044600282FD1019A49461F480A
:1071C00001F0CCFD044660BB204605B0BDE8F08F61
:1071D0000029C9D101462846029201F0BFFD0446AC
:1071E000D8B9029AC0E713B178694107CBD5AC078B
:1071F00002D578698007C6D5019911B17869010770
:10720000C1D549460AEB4810CDE9022301F0A6FD9D
:107210000446DDE902230028B5D04A460021204675
:1072200001E04A460021FAF733FECDE70246002E80
:1072300096D199E7509B0008B05B0020705B00205E
:10724000905B00200021FFF775BF00000121FFF7D0
:1072500071BF000070B5144D0124144E40F2FF328E
:1072600000210120FAF714FE06EB441001342A69CC
:1072700055F80C1F01F05EFD062CF5D137254FF4B3
:10728000C0542046FFF7E2FF014628B122460848D5
:10729000BDE8704001F04EBDC4EBC404013D4FEAAF
:1072A000D404EED170BD00BF509B0008905B00205D
:1072B000705B00200421FFF73DBF00004843FFF74B
:1072C000C1BF000008B101F0BBBD7047B0F5805FE1
:1072D00010B5044607D8FFF7EDFF28B92046BDE8F2
:1072E0001040FFF7AFBF002010BD0000FFF7EABF5E
:1072F00070B5AAB140EA010313F01F030FD1094C86
:107300000144A5686D0706D52568A84203D36668C1
:107310003544A94204D903330C34122BF1D1002295
:10732000104670BD509B000808B501F09FFE034A4F
:10733000D2E90032C01842EB010108BD505C0020C8
:10734000434BD3E900232DE9F34113437CD0FFF7EE
:10735000EBFF404A00230027F9F76EF806460D467A
:107360003D4A0023F9F768F80023144630462946C1
:10737000394AF9F761F84FF461613C23ADF80170C7
:10738000B4FBF1F5B4FBF3F601FB154103FB164624
:107390004624B1FBF3F1314BF6B28DF80040984230
:1073A0003CD84FF0640C4FF4C87EA30704F26C7213
:1073B00025D1B2FBFCF30CFB132313BBB2FBFEF392
:1073C0000EFB1322B2FA82F35B0903F26D18621C02
:1073D0008045D2B217D90FB18DF800400022204C61
:1073E0004FF00C0C17460CFB0343D4B2013213F8D8
:1073F00004C084450CD8A0EB0C000127F5E700235E
:10740000E3E70123E1E7A0EB080014460127CCE7FE
:107410000FB18DF80140431C8DF802309DF801003A
:10742000431C9DF800005038400640EA43509DF848
:10743000023040EA034040EA560040EAC52040EAF4
:10744000411002B0BDE8F0814FF40410F9E700BF2D
:10745000505C002040420F008051010090230B003F
:10746000989B00080244074BD2B210B5904200D15D
:1074700010BD441C00B253F8200041F8040BE0B2E8
:10748000F4E700BF504000580E4B30B51C6F240489
:1074900005D41C6F1C671C6F44F400441C670A4C25
:1074A00002442368D2B243F480732360074B9042B6
:1074B00000D130BD441C51F8045B00B243F82050A9
:1074C000E0B2F4E700440258004802585040005827
:1074D00007B5012201A90020FFF7C4FF019803B0FE
:1074E0005DF804FB13B50446FFF7F2FFA04205D098
:1074F000012201A900200194FFF7C6FF02B010BDD0
:10750000704700000144BFF34F8F064B884204D3FD
:10751000BFF34F8FBFF36F8F7047C3F85C0220300B
:10752000F4E700BF00ED00E00144BFF34F8F064BCE
:10753000884204D3BFF34F8FBFF36F8F7047C3F8F8
:1075400070022030F4E700BF00ED00E070B50546A2
:1075500016460C4601201021FFF7B0FE2860467346
:107560003CB1204636B1FFF7A5FE2B68186000B18C
:107570009C6070BDFFF76AFEF7E70000F8B50F46A4
:107580001546044648B905F11F010126386821F067
:107590001F01FFF7B7FF3046F8BD427B2946386828
:1075A000FFF7A6FE06460028EDD13B686360A3689E
:1075B000AB4210D213B12068FFF784FE637B2846EC
:1075C0002BB1FFF777FE206020B9A060E3E7FFF75B
:1075D0003DFEF8E7A560206805F11F01012621F0B6
:1075E0001F013860FFF78EFF2673D4E710B50446FD
:1075F00040B10068884205D1606808B1FAF722FC02
:107600000023237310BD0000F8B50F46144605464D
:1076100048B904F11F010126386821F01F01FFF766
:1076200083FF3046F8BD427B21463868FFF760FE95
:1076300006460028EDD1AB68A34210D213B12868EA
:10764000FFF740FE6B7B20462BB1FFF733FE28602F
:1076500020B9A860E5E7FFF7F9FDF8E7AC60396805
:1076600019B122462868FAF7EDFB286804F11F01DA
:10767000012621F01F013860FFF756FF2E73D0E777
:1076800020B103688B4204BF0023037370470000DE
:10769000034B1A681AB9034AD2F8D0241A6070470B
:1076A000585C00200040025808B5FFF7F1FF024B7C
:1076B0001868C0F3806008BD585C0020EFF30983B0
:1076C000054968334A6B22F001024A6383F3098853
:1076D000002383F31188704700EF00E0302080F32F
:1076E000118862B60D4B0E4AD96821F4E061090495
:1076F000090C0A430B49DA60D3F8FC2042F080728F
:10770000C3F8FC20084AC2F8B01F116841F001011B
:1077100011602022DA7783F82200704700ED00E044
:107720000003FA0555CEACC5001000E0302310B5BB
:1077300083F311880E4B5B6813F4006314D0F1EEF1
:10774000103AEFF309844FF08073683CE361094B12
:10775000DB6B236684F30988FEF7C8FE10B1064B85
:10776000A36110BD054BFBE783F31188F9E700BF68
:1077700000ED00E000EF00E02F04000832040008F4
:1077800070B5BFF34F8FBFF36F8F1A4A0021C2F855
:107790005012BFF34F8FBFF36F8F536943F4003321
:1077A0005361BFF34F8FBFF36F8FC2F88410BFF3E5
:1077B0004F8FD2F8803043F6E074C3F3C900C3F3AF
:1077C0004E335B0103EA0406014646EA817501393E
:1077D000C2F86052F9D2203B13F1200FF2D1BFF36F
:1077E0004F8F536943F480335361BFF34F8FBFF31F
:1077F0006F8F70BD00ED00E0FEE70000214B2248D6
:10780000224A70B5904237D3214BC11EDA1C121A9E
:1078100022F003028B4238BF00220021FAF738FB26
:107820001C4A0023C2F88430BFF34F8FD2F8803057
:1078300043F6E074C3F3C900C3F34E335B0103EABC
:107840000406014646EA81750139C2F86C52F9D244
:10785000203B13F1200FF2D1BFF34F8FBFF36F8F97
:10786000BFF34F8FBFF36F8F0023C2F85032BFF3C7
:107870004F8FBFF36F8F70BD53F8041B40F8041B8C
:10788000C0E700BF949C0008545E0020545E0020B6
:10789000545E002000ED00E0074BD3F8D81021EA39
:1078A0000001C3F8D810D3F8002122EA0002C3F87F
:1078B0000021D3F8003170470044025870B5D0E978
:1078C000244300224FF0FF359E6804EB4213510120
:1078D000D3F80009002805DAD3F8000940F0804009
:1078E000C3F80009D3F8000B002805DAD3F8000B21
:1078F00040F08040C3F8000B013263189642C3F891
:107900000859C3F8085BE0D24FF00113C4F81C38E3
:1079100070BD0000890141F02001016103699B06EF
:10792000FCD41220FEF72CBE10B50A4C2046FEF700
:10793000C7FA094BC4F89030084BC4F89430084C8F
:107940002046FEF7BDFA074BC4F89030064BC4F84A
:10795000943010BD5C5C002000000840D49B0008FF
:10796000F85C002000000440E09B000870B503783C
:107970000546012B5CD1434BD0F89040984258D13A
:10798000414B0E216520D3F8D82042F00062C3F8A5
:10799000D820D3F8002142F00062C3F80021D3F8C8
:1079A0000021D3F8802042F00062C3F88020D3F891
:1079B000802022F00062C3F88020D3F88030FDF7E9
:1079C000C3FC324BE360324BC4F800380023D5F8D7
:1079D0009060C4F8003EC02323604FF40413A363F7
:1079E0003369002BFCDA01230C203361FEF7C8FD5C
:1079F0003369DB07FCD41220FEF7C2FD3369002B8C
:107A0000FCDA00262846A660FFF758FF6B68C4F82A
:107A10001068DB68C4F81468C4F81C6883BB1D4B8D
:107A2000A3614FF0FF336361A36843F00103A360D8
:107A300070BD194B9842C9D1134B4FF08060D3F8F9
:107A4000D82042F00072C3F8D820D3F8002142F0C9
:107A50000072C3F80021D3F80021D3F8802042F04F
:107A60000072C3F88020D3F8802022F00072C3F89F
:107A70008020D3F88030FFF70FFF0E214D209EE7C6
:107A8000064BCDE75C5C00200044025840140040E7
:107A900003002002003C30C0F85C0020083C30C0ED
:107AA000F8B5D0F89040054600214FF0006620461A
:107AB000FFF730FFD5F8941000234FF001128F68C4
:107AC0004FF0FF30C4F83438C4F81C2804EB4312DC
:107AD00001339F42C2F80069C2F8006BC2F808097E
:107AE000C2F8080BF2D20B68D5F89020C5F8983090
:107AF000636210231361166916F01006FBD1122081
:107B0000FEF73EFDD4F8003823F4FE63C4F80038D5
:107B1000A36943F4402343F01003A3610923C4F88D
:107B20001038C4F814380B4BEB604FF0C043C4F866
:107B3000103B094BC4F8003BC4F81069C4F8003985
:107B4000D5F8983003F1100243F48013C5F898205B
:107B5000A362F8BDB09B000840800010D0F89020D0
:107B600090F88A10D2F8003823F4FE6343EA011338
:107B7000C2F80038704700002DE9F84300EB81039C
:107B8000D0F890500C468046DA680FFA81F9480127
:107B9000166806F00306731E022B05EB41134FF027
:107BA000000194BFB604384EC3F8101B4FF001011A
:107BB00004F1100398BF06F1805601FA03F39169AE
:107BC00098BF06F5004600293AD0578A04F15801BB
:107BD000374349016F50D5F81C180B430021C5F8F5
:107BE0001C382B180127C3F81019A7405369611ED0
:107BF0009BB3138A928B9B08012A88BF5343D8F802
:107C00009820981842EA034301F140022146C8F83F
:107C10009800284605EB82025360FFF77BFE08EBD5
:107C20008900C3681B8A43EA845348341E436401B5
:107C30002E51D5F81C381F43C5F81C78BDE8F883D1
:107C400005EB4917D7F8001B21F40041C7F8001BCA
:107C5000D5F81C1821EA0303C0E704F13F030B4ADF
:107C60002846214605EB83035A60FFF753FE05EBD8
:107C70004910D0F8003923F40043C0F80039D5F892
:107C80001C3823EA0707D7E7008000100004000231
:107C9000D0F894201268C0F89820FFF70FBE0000BB
:107CA0005831D0F8903049015B5813F4004004D0AB
:107CB00013F4001F0CBF0220012070474831D0F898
:107CC000903049015B5813F4004004D013F4001FB6
:107CD0000CBF02200120704700EB8101CB68196ABC
:107CE0000B6813604B6853607047000000EB810322
:107CF00030B5DD68AA691368D36019B9402B84BF19
:107D0000402313606B8A1468D0F890201C4402EB67
:107D10004110013C09B2B4FBF3F46343033323F095
:107D2000030343EAC44343F0C043C0F8103B2B684D
:107D300003F00303012B0ED1D2F8083802EB4110F7
:107D400013F4807FD0F8003B14BF43F0805343F01E
:107D50000053C0F8003B02EB4112D2F8003B43F065
:107D60000443C2F8003B30BD2DE9F041D0F89060EB
:107D700005460C4606EB4113D3F8087B3A07C3F8D7
:107D8000087B08D5D6F814381B0704D500EB81030F
:107D9000DB685B689847FA071FD5D6F81438DB070D
:107DA0001BD505EB8403D968CCB98B69488A5A681E
:107DB000B2FBF0F600FB16228AB91868DA68904226
:107DC0000DD2121AC3E90024302383F3118821460F
:107DD0002846FFF78BFF84F31188BDE8F08101236B
:107DE00003FA04F26B8923EA02036B81CB68002B50
:107DF000F3D021462846BDE8F041184700EB810347
:107E00004A0170B5DD68D0F890306C692668E6608C
:107E100056BB1A444FF40020C2F810092A6802F039
:107E20000302012A0AB20ED1D3F8080803EB421468
:107E300010F4807FD4F8000914BF40F0805040F067
:107E40000050C4F8000903EB4212D2F8000940F0D8
:107E50000440C2F800090122D3F8340802FA01F103
:107E60000143C3F8341870BD19B9402E84BF4020B7
:107E7000206020681A442E8A8419013CB4FBF6F471
:107E800040EAC44040F00050C6E700002DE9F84346
:107E9000D0F8906005460C464F0106EB4113D3F82D
:107EA000088918F0010FC3F808891CD0D6F81038DB
:107EB000DB0718D500EB8103D3F80CC0DCF81430D5
:107EC000D3F800E0DA68964530D2A2EB0E024FF00C
:107ED00000091A60C3F80490302383F31188FFF778
:107EE0008DFF89F3118818F0800F1DD0D6F8343833
:107EF0000126A640334217D005EB84030134D5F8A0
:107F00009050D3F80CC0E4B22F44DCF8142005EBF9
:107F10000434D2F800E05168714514D3D5F83438F0
:107F200023EA0606C5F83468BDE8F883012303FA9E
:107F300001F2038923EA02030381DCF80830002BF5
:107F4000D1D09847CFE7AEEB0103BCF810008342D5
:107F500028BF0346D7F8180980B2B3EB800FE3D8E7
:107F60009068A0F1040959F8048FC4F80080A0EBD0
:107F700009089844B8F1040FF5D818440B449060F0
:107F80005360C8E72DE9F84FD0F8905004466E6969
:107F9000AB691E4016F480586E6103D0BDE8F84FFF
:107FA000FDF7FEBF002E12DAD5F8003E9B0705D084
:107FB000D5F8003E23F00303C5F8003ED5F8043899
:107FC000204623F00103C5F80438FEF717F83705FB
:107FD00005D52046FFF772FC2046FDF7FDFFB004F3
:107FE0000CD5D5F8083813F0060FEB6823F470535E
:107FF0000CBF43F4105343F4A053EB6031071BD57F
:108000006368DB681BB9AB6923F00803AB612378B5
:10801000052B0CD1D5F8003E9A0705D0D5F8003EC7
:1080200023F00303C5F8003E2046FDF7E7FF636831
:10803000DB680BB120469847F30200F1BA80B70223
:1080400026D5D4F8909000274FF0010A09EB47128B
:10805000D2F8003B03F44023B3F5802F11D1D2F8BE
:10806000003B002B0DDA62890AFA07F322EA0303C8
:10807000638104EB8703DB68DB6813B13946204674
:1080800098470137D4F89430FFB29B689F42DDD9FE
:10809000F00619D5D4F89000026AC2F30A1702F06C
:1080A0000F0302F4F012B2F5802F00F0CA80B2F58F
:1080B000402F09D104EB8303002200F58050DB68D8
:1080C0001B6A974240F0B0803003D5F8185835D578
:1080D000E90303D500212046FFF746FEAA0303D596
:1080E00001212046FFF740FE6B0303D50221204605
:1080F000FFF73AFE2F0303D503212046FFF734FE96
:10810000E80203D504212046FFF72EFEA90203D57D
:1081100005212046FFF728FE6A0203D506212046E6
:10812000FFF722FE2B0203D507212046FFF71CFE96
:10813000EF0103D508212046FFF716FE700340F13A
:10814000A780E90703D500212046FFF79FFEAA0775
:1081500003D501212046FFF799FE6B0703D50221C5
:108160002046FFF793FE2F0703D503212046FFF794
:108170008DFEEE0603D504212046FFF787FEA806F4
:1081800003D505212046FFF781FE690603D50621A8
:108190002046FFF77BFE2A0603D507212046FFF77E
:1081A00075FEEB0574D520460821BDE8F84FFFF7B2
:1081B0006DBED4F890904FF0000B4FF0010AD4F848
:1081C00094305FFA8BF79B689F423FF638AF09EB1C
:1081D0004713D3F8002902F44022B2F5802F20D1B2
:1081E000D3F80029002A1CDAD3F8002942F0904283
:1081F000C3F80029D3F80029002AFBDB3946D4F85C
:108200009000FFF787FB22890AFA07F322EA0303AB
:10821000238104EB8703DB689B6813B13946204652
:1082200098470BF1010BCAE7910701D1D0F8008004
:10823000072A02F101029CBF03F8018B4FEA1828BC
:108240003FE704EB830300F58050DA68D2F818C0EA
:10825000DCF80820DCE9001CA1EB0C0C00218F42AB
:1082600008D1DB689B699A683A449A605A683A4434
:108270005A6029E711F0030F01D1D0F800808C4536
:1082800001F1010184BF02F8018B4FEA1828E6E7EB
:10829000BDE8F88F08B50348FFF774FEBDE8084055
:1082A000FFF744BA5C5C002008B50348FFF76AFE9C
:1082B000BDE80840FFF73ABAF85C0020D0F89030EB
:1082C00003EB4111D1F8003B43F40013C1F8003B2C
:1082D00070470000D0F8903003EB4111D1F800391D
:1082E00043F40013C1F8003970470000D0F8903013
:1082F00003EB4111D1F8003B23F40013C1F8003B1C
:1083000070470000D0F8903003EB4111D1F80039EC
:1083100023F40013C1F8003970470000064BD3F86E
:10832000DC200243C3F8DC20D3F804211043C3F857
:108330000401D3F8043170470044025808B53C4B9F
:108340004FF0FF31D3F8802062F00042C3F8802064
:10835000D3F8802002F00042C3F88020D3F88020B8
:10836000D3F88420C3F88410D3F884200022C3F803
:108370008420D3F88400D86F40F0FF4040F4FF0021
:1083800040F4DF4040F07F00D867D86F20F0FF4016
:1083900020F4FF0020F4DF4020F07F00D867D86F82
:1083A000D3F888006FEA40506FEA5050C3F8880055
:1083B000D3F88800C0F30A00C3F88800D3F8880017
:1083C000D3F89000C3F89010D3F89000C3F8902031
:1083D000D3F89000D3F89400C3F89410D3F8940025
:1083E000C3F89420D3F89400D3F89800C3F89810F9
:1083F000D3F89800C3F89820D3F89800D3F88C00ED
:10840000C3F88C10D3F88C00C3F88C20D3F88C0000
:10841000D3F89C00C3F89C10D3F89C10C3F89C20A0
:10842000D3F89C30FCF7A8FABDE8084000F0C2B9C8
:108430000044025808B50122534BC3F80821534B9E
:10844000D3F8F42042F00202C3F8F420D3F81C2140
:1084500042F00202C3F81C210222D3F81C314C4B1B
:10846000DA605A689104FCD54A4A1A6001229A607F
:10847000494ADA6000221A614FF440429A61444B43
:108480009A699204FCD51A6842F480721A603F4BD4
:108490001A6F12F4407F04D04FF480321A67002222
:1084A0001A671A6842F001021A60384B1A685007BE
:1084B000FCD500221A611A6912F03802FBD10121A1
:1084C00019604FF0804159605A67344ADA62344A81
:1084D0001A611A6842F480321A602C4B1A689103B0
:1084E000FCD51A6842F480521A601A689204FCD5CE
:1084F0002C4A2D499A6200225A63196301F57C01C6
:10850000DA6301F50E7199635A64284A1A64284A9D
:10851000DA621A6842F0A8521A601C4B1A6802F01C
:108520002852B2F1285FF9D148229A614FF488624B
:10853000DA6140221A621F4ADA641F4A1A651F4A2A
:108540005A651F4A9A6532231E4A1360136803F066
:108550000F03022BFAD10D4A136943F00303136191
:10856000136903F03803182BFAD14FF00050FFF7CE
:10857000D5FE4FF08040FFF7D1FE4FF00040BDE840
:108580000840FFF7CBBE00BF0080005100440258F6
:108590000048025800C000F0020000010000FF0186
:1085A00000889008225050003F0209012F0E040756
:1085B0009D0BBF0120000020000001100910E00009
:1085C00000010110002000524FF0B04208B5D2F86F
:1085D000883003F00103C2F8883023B1044A1368DD
:1085E0000BB150689847BDE80840FFF79FB800BF3F
:1085F000D45D00204FF0B04208B5D2F8883003F0C7
:108600000203C2F8883023B1044A93680BB1D068E2
:108610009847BDE80840FFF789B800BFD45D002047
:108620004FF0B04208B5D2F8883003F00403C2F826
:10863000883023B1044A13690BB150699847BDE8EB
:108640000840FFF773B800BFD45D00204FF0B04280
:1086500008B5D2F8883003F00803C2F8883023B197
:10866000044A93690BB1D0699847BDE80840FFF709
:108670005DB800BFD45D00204FF0B04208B5D2F81D
:10868000883003F01003C2F8883023B1044A136A1B
:108690000BB1506A9847BDE80840FFF747B800BFE4
:1086A000D45D00204FF0B04310B5D3F8884004F4F7
:1086B0007872C3F88820A30604D5124A936A0BB1D6
:1086C000D06A9847600604D50E4A136B0BB1506B05
:1086D0009847210604D50B4A936B0BB1D06B984792
:1086E000E20504D5074A136C0BB1506C9847A305FB
:1086F00004D5044A936C0BB1D06C9847BDE8104088
:10870000FFF714B8D45D00204FF0B04310B5D3F894
:10871000884004F47C42C3F88820620504D5164AD8
:10872000136D0BB1506D9847230504D5124A936D14
:108730000BB1D06D9847E00404D50F4A136E0BB10E
:10874000506E9847A10404D50B4A936E0BB1D06EBE
:108750009847620404D5084A136F0BB1506F9847CD
:10876000230404D5044A936F0BB1D06F9847BDE83A
:108770001040FEF7DBBF00BFD45D002008B5034802
:10878000FCF7C2FCBDE80840FEF7D0BFC0360020B1
:1087900008B50348FCF752FDBDE80840FEF7C6BF28
:1087A0001839002008B500F0B5FCBDE80840FEF718
:1087B000BDBF0000062108B50846FCF7C5FD06212F
:1087C0000720FCF7C1FD06210820FCF7BDFD0621AE
:1087D0000920FCF7B9FD06210A20FCF7B5FD0621AA
:1087E0001720FCF7B1FD06212820FCF7ADFD09217B
:1087F0007A20FCF7A9FD09213120FCF7A5FD07210E
:108800003220FCF7A1FD0C215220BDE80840FCF706
:108810009BBD000008B5FFF791FD00F043FCFDF79C
:1088200073F9FDF711F9FDF749FBFDF71BFAFEF7A8
:10883000DDF9BDE8084000F029BA000030B5043386
:10884000039C0172002104FB0325C160C0E90653AB
:10885000049B0363059BC0E90000C0E90422C0E952
:108860000842C0E90A11436330BD00000022416A9A
:10887000C260C0E90411C0E90A226FF00101FDF7EE
:108880002BBF0000D0E90432934201D1C2680AB97B
:10889000181D704700207047036919600021C268E5
:1088A0000132C260C269134482699342036124BFEA
:1088B000436A0361FDF704BF38B504460D46E3681B
:1088C0003BB162690020131D1268A3621344E36286
:1088D00007E0237A33B929462046FDF7E1FE002858
:1088E000EDDA38BD6FF00100FBE70000C368C26934
:1088F000013BC3604369134482699342436124BFCF
:10890000436A436100238362036B03B118477047D6
:1089100070B53023044683F31188866A3EB9FFF7A9
:10892000CBFF054618B186F31188284670BDA36AAF
:10893000E26A13F8015B9342A36202D32046FFF779
:10894000D5FF002383F31188EFE700002DE9F84FEE
:1089500004460E46174698464FF0300989F31188B1
:108960000025AA46D4F828B0BBF1000F09D1414632
:108970002046FFF7A1FF20B18BF311882846BDE800
:10898000F88FD4E90A12A7EB050B521A934528BFBA
:108990009346BBF1400F1BD9334601F1400251F819
:1089A000040B914243F8040BF9D1A36A40364035D9
:1089B0004033A362D4E90A239A4202D32046FFF748
:1089C00095FF8AF31188BD42D8D289F31188C9E78F
:1089D00030465A46F9F736FAA36A5E445D445B4472
:1089E000A362E7E710B5029C0433017203FB042184
:1089F000C460C0E906130023C0E90A33039B036384
:108A0000049BC0E90000C0E90422C0E908424363B6
:108A100010BD0000026A6FF00101C260426AC0E945
:108A200004220022C0E90A22FDF756BED0E9042341
:108A30009A4201D1C26822B9184650F8043B0B6033
:108A4000704700231846FAE7C3680021C269013362
:108A5000C3604369134482699342436124BF436AFC
:108A60004361FDF72DBE000038B504460D46E368AE
:108A70003BB1236900201A1DA262E2691344E3623C
:108A800007E0237A33B929462046FDF709FE00287E
:108A9000EDDA38BD6FF00100FBE7000003691960F3
:108AA000C268013AC260C269134482699342036199
:108AB00024BF436A036100238362036B03B1184739
:108AC0007047000070B530230D460446114683F30D
:108AD0001188866A2EB9FFF7C7FF10B186F3118897
:108AE00070BDA36A1D70A36AE26A01339342A36258
:108AF00004D3E16920460439FFF7D0FF002080F35A
:108B00001188EDE72DE9F84F04460D469046994649
:108B10004FF0300A8AF311880026B346A76A4FB98E
:108B200049462046FFF7A0FF20B187F31188304661
:108B3000BDE8F88FD4E90A073A1AA8EB060797426E
:108B400028BF1746402F1BD905F1400355F8042BC9
:108B50009D4240F8042BF9D1A36A40364033A3620A
:108B6000D4E90A239A4204D3E16920460439FFF785
:108B700095FF8BF311884645D9D28AF31188CDE74A
:108B800029463A46F9F75EF9A36A3D443E443B4420
:108B9000A362E5E7D0E904239A4217D1C3689BB1E9
:108BA000836A8BB1043B9B1A0ED01360C368013BF0
:108BB000C360C3691A4483699A42026124BF436A4D
:108BC0000361002383620123184670470023FBE7FB
:108BD00001F01F03F0B502F01F0456095A1C0123CF
:108BE000B6EB511F50F8265003FA02F34FEA511723
:108BF00003F1FF333DBF50F82720C4F1200013409C
:108C000003EA05003BBF03FA00F225FA04F0E04056
:108C10001043F0BD70B57E227F210546FFF7D8FFD7
:108C200018B1012819D0002070BD3E2249212846E4
:108C3000FFF7CEFF2F22044631212846FFF7C8FF59
:108C4000064601345022023653212846B440FFF72D
:108C5000BFFF093804FA00F0E6E730224521284634
:108C6000FFF7B6FF01308002DEE7000090F8D63053
:108C700090F8D7201B0403EB026390F8D42090F8FF
:108C8000D500134403EB00207047000000F018BA31
:108C9000014B586A704700BF000C0040034B002294
:108CA00058631A610222DA60704700BF000C00406E
:108CB000014B0022DA607047000C0040014B586302
:108CC000704700BF000C0040024B034A1A60034A81
:108CD0005A607047AC5D0020585E00200000022002
:108CE000074B494210B55C68201A08401968821A7F
:108CF0008A4203D3A24201D85A6010BD0020FCE78B
:108D0000AC5D002008B5302383F31188FFF7E8FF3E
:108D1000002383F3118808BD0448054B036000233A
:108D2000C0E901330C3000F017B900BFB45D00207A
:108D3000058D0008CB1D083A23F00703591A521A73
:108D400010B4D2080024C0E9004384600C301C60D9
:108D50005A605DF8044B00F0FFB800002DE9F74FB2
:108D6000364FCD1D8846002818BF0746082A4FEA0F
:108D7000D50538BF082207F10C003C1D9146019033
:108D800000F02CF9019809F10701C9F1000E224603
:108D9000246864B900F02CF93B68CBB3082249463B
:108DA000E8009847044698B340E9027830E004EBC5
:108DB000010CD4F804A00CEA0E0C0AF10106ACF187
:108DC000080304EBC6069E42E1D9A6EB0C0CB5EBFA
:108DD000EC0F4FEAEC0BDAD89C421DD204F10802EA
:108DE000AB45A3EB02024FEAE202626009D9691CBB
:108DF000ED4303EBC1025D445560256843F83150F3
:108E000022601C46C3F8048044F8087B00F0F0F8A8
:108E1000204603B0BDE8F08FAA45216802D1116059
:108E20002346EEE7013504EBC50344F8351003F1A2
:108E30000801761AF6105E601360F1E7B45D002059
:108E400073B50446A0F1080550F8080C54F8043C2A
:108E5000061D0C3007330190DB0844F8043C00F099
:108E6000BDF8334601989E421A6801D0AB4228D221
:108E70000AB1954225D244F8082C54F8042C1D6000
:108E8000013254F8081C05EBC206B14206D14E6807
:108E9000324444F8042C0A6844F8082C5E68711CBB
:108EA00003EBC1018D4207D154F8042C0132324446
:108EB0005A6054F8082C1A6002B0BDE8704000F007
:108EC00097B81346CFE70000FEE7000070B51E4BD1
:108ED0000025044686B058600E4605638163FEF7A0
:108EE000FDFB04F12803A5606563C4E90A3304F1BE
:108EF0001003C4E904334FF0FF33C4E90044C4E96C
:108F00000635FFF7C5FE2B46024604F13C0120461C
:108F1000C4E9082380230D4A6567FDF73BFB7368AE
:108F2000E0600B4A03620123009280F82430684617
:108F3000F26801923269CDE90223064BCDE904358E
:108F4000FDF75CFB06B070BD30400020F49B0008CC
:108F5000EC9B0008C98E00080023C0E90000836074
:108F60000361704770B51C4B05468468DE685CB3CE
:108F7000B44213D103690133036170BDA36094F857
:108F8000243083B1062B15D1A06A2146D4E90032E2
:108F900013605A60FDF76AFAA36A9C68B368A26816
:108FA0009A42EBD306E0D4E90032204613605A60BF
:108FB000FDF76CFA28463146FDF758FAB5620620EF
:108FC000BDE87040FDF764BA036986600133036150
:108FD000336BC3603063D0E7883D002008B5302391
:108FE00083F31188FFF7BEFF002383F3118808BDC8
:108FF000194BD96883688B4210B520D1302383F395
:1090000011880269013A0261B2B90468C368A042DA
:109010000B631ED04A6B9BB901238A60036103680E
:109020001A68026050601A6B8360C2601863184649
:10903000FDF72CFAFDF77CFA002383F3118810BDAD
:109040001C68A34203D0A468A24238BF2246DB6852
:10905000E1E78260F0E700BF883D0020024A536BE1
:1090600018435063704700BF883D002038B5EFF3C8
:1090700011859DB9EFF30584C4F30804302334B19E
:1090800083F31188FDF760FC85F3118838BD83F305
:109090001188FDF759FC84F3118838BDBDE83840CC
:1090A000FDF752BC0023054A19460133102BC2E9D3
:1090B000001102F10802F8D1704700BFD45D002012
:1090C000114BD3F8E82042F00802C3F8E820D3F8A7
:1090D000102142F00802C3F810210C4AD3F81031D5
:1090E000D36B43F00803D363C722094B9A624FF056
:1090F000FF32DA6200229A615A63DA605A60012212
:109100005A611A60704700BF004402580010005CAA
:10911000000C0040094A08B51169D3680B40D9B268
:109120009B076FEA0101116107D5302383F3118892
:10913000FDF724FA002383F3118808BD000C0040DA
:1091400010B501390244904201D1002005E00378B6
:1091500011F8014FA34201D0181B10BD0130F2E7F6
:10916000884210B501EB020402D98442234607D895
:10917000431EA14208D011F8012B03F8012FF8E794
:10918000024401468A4200D110BD13F8014D02F895
:10919000014DF7E7C9B2034610F8012B1AB18A4214
:1091A000F9D118467047002918BF0023F9E70000DD
:1091B000034611F8012B03F8012B002AF9D170475F
:1091C00010B50139034632B111F8014F03F8014BD4
:1091D000013A002CF7D11A440021934200D110BD6E
:1091E00003F8011BF9E700004D4435002D2D0A005E
:1091F0002F6172647570696C6F742E6162696E00A4
:109200002F6172647570696C6F742D766572696612
:10921000792E6162696E002F6172647570696C6F7E
:10922000742D666C6173682E6162696E002F6172C5
:10923000647570696C6F742D666C61736865642EFB
:109240006162696E00000000000000000000000084
:10925000050F0008A10F000851110008D90F0008E0
:10926000990F00080000000000000000010F000836
:10927000AD0F000889110008FD0E0008090F000855
:1092800053544D333248373F3F3F0053544D3332F0
:10929000483733782F3732780053544D33324837BC
:1092A00034332F3735332F373530000001105A0053
:1092B0000310590001205800032056002F00000021
:1092C0005375636365737366756C6C79206D6F7528
:1092D0006E746564205344436172642028736C6F1C
:1092E00077646F776E3D2575290A0000EB7690450F
:1092F000584641542020200046415433322020203B
:10930000000000002A3A3C3E7C223F7F002B2C3B91
:109310003D5B5D004355454141414143454545491C
:10932000494941414592924F4F4F5555594F554FDD
:109330009C4F9E9F41494F55A5A5A6A7A8A9AAAB9A
:10934000ACADAEAFB0B1B2B3B4414141B8B9BABB44
:10935000BCBDBEBFC0C1C2C3C4C54141C8C9CACBE0
:10936000CCCDCECFD1D145454549494949D9DADBA4
:10937000DCDD49DF4FE14F4F4F4FE6E8E8555555EB
:109380005959EEEFF0F1F2F3F4F5F6F7F8F9FAFBCC
:10939000FCFDFEFF01030507090E10121416181C30
:1093A0001E00000061001A03E0001703F800070325
:1093B000FF0001007801000130013201060139018E
:1093C00010014A012E017901060180014D0043027E
:1093D0008101820182018401840186018701870164
:1093E00089018A018B018B018D018E018F01900112
:1093F0009101910193019401F60196019701980161
:1094000098013D029B019C019D0120029F01A0014A
:10941000A001A201A201A401A401A601A701A70124
:10942000A901AA01AB01AC01AC01AE01AF01AF01D2
:10943000B101B201B301B301B501B501B701B80182
:10944000B801BA01BB01BC01BC01BE01F701C001FA
:10945000C101C201C301C401C501C401C701C801E2
:10946000C701CA01CB01CA01CD011001DD01010014
:109470008E01DE011201F3010300F101F401F40198
:10948000F8012801220212013A020900652C3B0270
:109490003B023D02662C3F0240024102410246026D
:1094A0000A015302400081018601550289018A01A7
:1094B00058028F015A0290015C025D025E025F0257
:1094C000930161026202940164026502660267020E
:1094D000970196016A02622C6C026D026E029C0179
:1094E000700271029D01730274029F01760277027D
:1094F000780279027A027B027C02642C7E027F026F
:10950000A60181028202A9018402850286028702E5
:10951000AE014402B101B20145028D028E028F02FA
:1095200090029102B7017B030300FD03FE03FF03DA
:10953000AC0304008603880389038A03B103110383
:10954000C2030200A303A303C4030803CC03030064
:109550008C038E038F03D8031801F2030A00F9036A
:10956000F303F403F503F603F703F703F903FA0330
:10957000FA033004200350041007600422018A0417
:109580003601C1040E01CF040100C004D00444011F
:1095900061052604000000007D1D0100632C001EF3
:1095A0009601A01E5A01001F0806101F0606201F64
:1095B0000806301F0806401F0606511F0700591FE6
:1095C000521F5B1F541F5D1F561F5F1F601F080641
:1095D000701F0E00BA1FBB1FC81FC91FCA1FCB1F99
:1095E000DA1FDB1FF81FF91FEA1FEB1FFA1FFB1F13
:1095F000801F0806901F0806A01F0806B01F040061
:10960000B81FB91FB21FBC1FCC1F0100C31FD01F42
:109610000206E01F0206E51F0100EC1FF31F010018
:10962000FC1F4E2101003221702110028421010013
:109630008321D0241A05302C2F04602C0201672CC2
:109640000601752C0201802C6401002D260841FFC3
:109650001A030000C700FC00E900E200E400E0009B
:10966000E500E700EA00EB00E800EF00EE00EC00A8
:10967000C400C500C900E600C600F400F600F20010
:10968000FB00F900FF00D600DC00F800A300D800C2
:10969000D7009201E100ED00F300FA00F100D100E3
:1096A000AA00BA00BF00AE00AC00BD00BC00A10023
:1096B000AB00BB0091259225932502252425C100EE
:1096C000C200C000A9006325512557255D25A200D1
:1096D000A5001025142534252C251C2500253C2506
:1096E000E300C3005A2554256925662560255025C9
:1096F0006C25A400F000D000CA00CB00C8003101E6
:10970000CD00CE00CF0018250C2588258425A60085
:10971000CC008025D300DF00D400D200F500D500B6
:10972000B500FE00DE00DA00DB00D900FD00DD0040
:10973000AF00B400AD00B1001720BE00B600A70016
:10974000F700B800B000A800B700B900B300B2003D
:10975000A025A000100002400800024000080240BE
:1097600000000B00280002400800024004080240EC
:1097700006010C00400002400800024008080240B8
:1097800010020D0058000240080002400C08024080
:1097900016030E00700002400C0002401008024048
:1097A00000040F00880002400C0002401408024030
:1097B00006051000A00002400C00024018080240FC
:1097C00010061100B80002400C0002401C080240C4
:1097D00016072F001004024008040240200802402F
:1097E000000838002804024008040240240802400F
:1097F00006093900400402400804024028080240DB
:10980000100A3A0058040240080402402C080240A2
:10981000160B3B00700402400C040240300802406A
:10982000000C3C00880402400C0402403408024052
:10983000060D4400A00402400C0402403808024017
:10984000100E4500B80402400C0402403C080240DF
:10985000160F460001000000000000000096000006
:1098600000000000000000000000000000000000F8
:109870000000000000000000E56B0008E96B000834
:10988000DD560008155A0008715600089956000860
:10989000C15600085956000800000000C95A0008C7
:1098A000B55A0008F15A0008DD5A0008E95A0008C4
:1098B000D55A0008C15A0008AD5A0008FD5A0008E0
:1098C00000000000E15B0008CD5B0008095C0008B7
:1098D000F55B0008015C0008ED5B0008D95B00083F
:1098E000C55B0008155C00080000000001000000D6
:1098F0000000000063300000F49800080000000041
:1099000000000000003E0020304000200000802ABF
:1099100000000000AAAAAAAA00000024FFFF00007D
:109920000000000000A00A0010000000000000007D
:10993000AAAAAAAA10000000FFFF00000000000071
:10994000000000000000AA0200000000AAAAAAAAC3
:1099500000005500FFFF000000000000CCCC0C0010
:109960002001000000000000AAAAAAAA100100001D
:10997000FFFF0000000C00000000000040814200DA
:1099800000000000AAAAAAAA00404100E7FF0000C8
:109990000000007007000000000000000000000050
:1099A000AAAAAAAA00000000FFFF00000000000011
:1099B000000000000000000000000000AAAAAAAAFF
:1099C00000000000FFFF0000000000000000000099
:1099D0000000000000000000AAAAAAAA00000000DF
:1099E000FFFF000000000000000000000000000079
:1099F00000000000AAAAAAAA00000000FFFF0000C1
:109A00000000000000000000000000000000000056
:109A1000AAAAAAAA00000000FFFF000000000000A0
:109A2000000000000000000000000000AAAAAAAA8E
:109A300000000000FFFF0000000000000000000028
:109A40004172647550696C6F740025424F415244F5
:109A5000252D424C002553455249414C250000001C
:109A60000200000000000000015E0008715E0008B6
:109A700040004000E0580020F058002002000000A4
:109A8000000000000300000000000000B95E0008B4
:109A9000000000001000000000590020000000003D
:109AA00001000000000000005C5C002001010200D9
:109AB000E16C0008F16B00088D6C0008716C000807
:109AC00043000000C89A000809024300020100C0D8
:109AD0003209040000010202010005240010010502
:109AE0002401000104240202052406000107058266
:109AF000030800FF09040100020A00000007050135
:109B00000240000007058102400000001200000032
:109B1000149B000812011001020000400912415775
:109B200000020102030100000403090425424F4121
:109B3000524425005765416374483734330030314F
:109B400032333435363738394142434445460000D4
:109B500000000020000002000200000000000030B1
:109B600000000400080000000000002400000800BD
:109B7000040000000004000000FC000002000000DF
:109B800000000430008000000800000000000038E1
:109B900000000100010000001F1C1F1E1F1E1F1FD0
:109BA0001E1F1E1F1F1D1F1E1F1E1F1F1E1F1E1FCD
:109BB0000000000015600008CD620008796300080D
:109BC00040004000945D0020945D002001000000F2
:109BD000A45D00208000000040010000080000009B
:109BE00000010000001000000800000069646C65BE
:109BF000000000006D61696E002C04380404380810
:109C00000C10141C20242526000000000000640411
:109C10000100040000000000000C00102830340097
:109C20004868FF7F01000000591600000000000096
:109C300000001A0000000000FF0000003840002073
:109C40001839002000000000809200088304000002
:109C50008B92000850040000999200080100000057
:109C600000000000009600000000080096000000C0
:109C70000008000004000000289B0008000000000D
:109C800000000000000000000000000000000000D4
:049C900000000000D0
:00000001FF
